#; 786080614361534466,1;786192359923052544,1;786203062910189568,1
#10; 786083529566355456,1;786115429462925312,1;786120676734304257,1;786159619403943936,1
#100aos; 786213558321164288,1
#adidas#football#soccer#; 786210775329300481,1
#aemsoc; 786177127355916288,1;786206225549656064,1
#africansoccer; 786127017196589057,1;786131811600510980,1;786156713045008384,1;786157967427117056,1;786159495131107328,1;786160750834360321,1;786162257067700224,1;786176358401597440,1;786185935931240448,1
#aguilasyya; 786213558321164288,1
#allboys; 786189975939416064,1
#amistad; 786209973458075648,1
#anime; 786080614361534466,1
#antoinegriezmann; 786101314094858240,1
#apuestas; 786102748777422848,1
#arab; 786211818553212928,1
#argentina; 786158419501682689,1
#arsenal; 786167225036185600,1
#art; 786212007150247936,1
#atleti; 786118387680378880,1
#atleticomadrid; 786101314094858240,1
#barca; 786078252024594432,1;786079415038046208,1
#barrieu; 786210098456649728,1
#beach; 786169326843731968,1
#beachlife; 786169326843731968,1
#beast; 786187153214668800,1
#beastmode; 786187153214668800,1
#bequipotv; 786174983924056064,1
#bet365; 786172399855267840,1;786203394553683968,1
#borek; 786192359923052544,1;786203062910189568,1
#boycotttheview; 786192067043135488,1
#bpl; 786101358319599616,1;786135583257231360,1
#brasil; 786087763984674816,1;786122533737205760,1;786167155800715264,1
#bristolcity; 786177155675881472,1
#buscamosequipo; 786174983924056064,1
#ca; 786171201437573120,1
#calsouth; 786187153214668800,1
#campusexperience; 786209973458075648,1
#canaryislands; 786169326843731968,1
#ccfa; 786082871870103553,1;786084248356790272,1
#champion; 786139282905919488,1
#chelsea; 786162073365573632,1;786162080877518848,1
#chile; 786130114161565696,1
#chileperu; 786130114161565696,1
#china; 786109699028647936,1
#ciclismo; 786144838626324481,1
#coach; 786110320746070016,1
#colombia; 786162797252009984,1
#combate; 786204129890824192,1
#crewes; 786162073365573632,1
#csr; 786121778984738817,1
#czech; 786192359923052544,1;786203062910189568,1
#czecho; 786192359923052544,1;786203062910189568,1
#czechrepublic; 786192359923052544,1;786203062910189568,1
#delet; 786090272337850369,1
#derbycounty; 786207223454179328,1
#domingonfl; 786207639604752384,1
#drawing; 786212007150247936,1
#elclsico; 786195968689512448,1
#eliminatorias; 786087763984674816,1;786122533737205760,1
#england; 786207223454179328,1
#europa; 786134779317977088,1;786138850749853696,1
#expresodelcharles; 786174441612947456,1
#f4f; 786080614361534466,1
#fb; 786212913295921152,1
#fcbarcelona; 786078252024594432,1;786079415038046208,1
#felizmiercoles; 786144838626324481,1
#fifa; 786205882040348672,1
#fifamuseum; 786205882040348672,1
#fitness; 786144838626324481,1
#flop; 786087405124288512,1
#football; 786101358319599616,1;786104803885735936,1;786109699028647936,1;786110320746070016,1;786119039948959744,1;786127017196589057,1;786130114161565696,1;786131811600510980,1;786134779317977088,1;786135583257231360,1;786138850749853696,1;786146976983158784,1;786156713045008384,1;786157967427117056,1;786159495131107328,1;786160750834360321,1;786162257067700224,1;786162797252009984,1;786167155800715264,1;786176358401597440,1;786177319429742592,1;786183860996349952,1;786185935931240448,1;786207223454179328,1
#free; 786084790114082816,1
#friendship; 786209973458075648,1
#ftbol; 786111538692251649,1;786112742650503168,1;786159052086706176,1;786171837906456576,1;786183860996349952,1;786204129890824192,1;786209973458075648,1
#fussball; 786183860996349952,1
#futb; 786092823363878912,1
#futbol; 786080614361534466,1;786082071341047808,1;786082871870103553,1;786084248356790272,1;786086760094830592,1;786095916856008704,1;786101358319599616,1;786109699028647936,1;786118387680378880,1;786119039948959744,1;786120755767496705,1;786127017196589057,1;786130114161565696,1;786131811600510980,1;786134779317977088,1;786135019563737088,1;786135583257231360,1;786138850749853696,1;786139282905919488,1;786144838626324481,1;786146976983158784,1;786151519120941056,1;786153031792418817,1;786153949443350528,1;786156713045008384,1;786157967427117056,1;786158419501682689,1;786159052086706176,1;786159495131107328,1;786160750834360321,1;786162797252009984,1;786167155800715264,1;786169326843731968,1;786174983924056064,1;786176358401597440,1;786177319429742592,1;786183860996349952,1;786185935931240448,1;786187153214668800,2;786189975939416064,1;786190653084561409,1;786192225109671937,1;786192359923052544,1;786195968689512448,1;786203062910189568,1;786205882040348672,1;786207223454179328,1;786208257660583936,1;786212007150247936,1;786213558321164288,1
#futbol#soccer; 786162257067700224,1
#futbolgoalsrem; 786101397779537920,1
#futbolgoalsremade; 786092823363878912,1
#futebol; 786134779317977088,1;786158419501682689,1;786177319429742592,1;786183860996349952,1
#girl; 786212007150247936,1
#goal; 786119039948959744,1
#goalkeeper; 786104803885735936,1
#goolkeeper; 786174983924056064,1
#gratis; 786111538692251649,1
#hailparkview; 786155412756324352,1
#halamadrid; 786195968689512448,1
#iceland; 786128499207655424,1
#illustration; 786212007150247936,1
#inktober; 786212007150247936,1
#inktober2016; 786212007150247936,1
#jal; 786110320746070016,1
#japanese; 786080614361534466,1
#japon; 786080614361534466,1
#jersey; 786078252024594432,1;786079415038046208,1
#jordania2016; 786192225109671937,1;786208257660583936,1
#kroos2022; 786213230909726720,1
#lacornisa; 786204129890824192,1
#laliga; 786195968689512448,1
#leeds; 786204996090101764,1
#legendsfc; 786187153214668800,1
#ligasantander; 786145441725423616,1
#ligue1; 786101314094858240,1
#lionelmessi; 786078252024594432,1;786079415038046208,1
#liverpool; 786182300253978624,1
#lol; 786080614361534466,1
#luckia; 786149654429831169,1
#madrid; 786144838626324481,1;786195968689512448,1
#manchesterunited; 786182300253978624,1
#manga; 786080614361534466,1
#marca; 786149480001404928,1;786212132899749888,1
#marketing; 786121778984738817,1
#match; 786130114161565696,1
#mejores; 786213558321164288,1
#mex; 786192225109671937,1;786208257660583936,1
#mexico; 786213558321164288,1
#mexicou17; 786210649584050176,1
#mls; 786159010374381568,1;786188635930406912,1;786188717778022400,1;786189048125599744,1;786189662696026113,1;786190814015844352,1;786191393140113408,1
#moravia; 786192359923052544,1;786203062910189568,1
#mundialfemeninosub17; 786210649584050176,1
#mxico; 786086760094830592,2
#mydubai; 786109699028647936,1
#narco; 786111538692251649,1
#nasl; 786171201437573120,1
#nc; 786153031792418817,1;786153949443350528,1
#newbusiness; 786121778984738817,1
#news; 786119039948959744,1
#nfl; 786191393140113408,1
#nfl,; 786159010374381568,1
#nihon; 786080614361534466,1
#nofilter; 786082871870103553,1;786084248356790272,1
#non; 786082464095764480,1
#norsmr; 786093400374272001,1
#noticias; 786151519120941056,1
#oneyearwonder; 786087405124288512,1
#otaku; 786080614361534466,1
#panama; 786086760094830592,1
#paraguay; 786093566200348673,1;786158419501682689,1
#partidoamistoso; 786086760094830592,1
#pasapalabra; 786204129890824192,1
#passport; 786093566200348673,1
#pilar16; 786112742650503168,1
#portero; 786174983924056064,1
#portugal; 786139282905919488,1;786190653084561409,1
#premierleague; 786101358319599616,1;786135583257231360,1
#prepsnowpks; 786179037953724421,1
#pro; 786144838626324481,1
#pronosticos; 786102748777422848,1;786145441725423616,1;786149654429831169,1;786154688320303104,1;786172399855267840,1;786203394553683968,1
#psg; 786101314094858240,1
#puebla; 786086760094830592,1
#qualifying; 786134779317977088,1;786138850749853696,1;786158419501682689,1;786162797252009984,1;786167155800715264,1
#realmadrid; 786195968689512448,1;786213230909726720,1
#reds; 786182300253978624,1
#ropa; 786144838626324481,1
#rumor; 786207223454179328,1
#running; 786144838626324481,1
#russia2018; 786134779317977088,1;786138850749853696,1;786158419501682689,1;786162797252009984,1;786167155800715264,1
#s; 786104803885735936,1
#salinas; 786082871870103553,1;786084248356790272,1
#sanfrancisco; 786171201437573120,1
#screamqueens; 786090272337850369,1
#silesia; 786192359923052544,1;786203062910189568,1
#soccer; 786084248356790272,1;786101358319599616,1;786109699028647936,1;786110320746070016,1;786119039948959744,1;786127017196589057,1;786131811600510980,1;786134779317977088,1;786135583257231360,1;786138850749853696,1;786153031792418817,1;786153949443350528,1;786156713045008384,1;786157967427117056,1;786158419501682689,1;786159495131107328,1;786160750834360321,1;786162797252009984,1;786167155800715264,1;786169326843731968,1;786176358401597440,1;786177319429742592,1;786183860996349952,1;786185935931240448,1;786187153214668800,1;786207223454179328,1;786209973458075648,1
#soccergame; 786187153214668800,1
#sponsorship; 786121778984738817,1
#sportium; 786154688320303104,1
#sudamrica; 786158419501682689,1;786162797252009984,1;786167155800715264,1
#swansea; 786210098456649728,1
#sweaterseason; 786086675139231745,1
#tfcaproud; 786156816472219652,1
#thetazshow; 786165137359142912,1;786174208812326912,1
#tokyo; 786080614361534466,1
#travel; 786205882040348672,1
#trecru; 786194868339142656,1;786194937368944640,1;786201325600120832,1;786201531712475136,1;786208192674037760,1
#trinec; 786192359923052544,1;786203062910189568,1
#trumppence16; 786192250384556032,1
#trzyniec; 786192359923052544,1;786203062910189568,1
#tvpnoticias; 786204129890824192,1
#u17wwc; 786210649584050176,1
#unidossomosca3rones; 786111538692251649,1
#uruguay; 786162797252009984,1
#usavmex; 786083904251916290,1
#usf; 786159010374381568,1;786188635930406912,1;786188717778022400,1;786189048125599744,1;786189662696026113,1;786190814015844352,1;786191393140113408,1
#usmnt; 786075184784666625,1;786083904251916290,1
#valores; 786209973458075648,1
#vamosamerica; 786213558321164288,1
#ven; 786192225109671937,1;786208257660583936,1
#venezuela; 786087763984674816,1;786122533737205760,1;786167155800715264,1;786210649584050176,1
#victory; 786130114161565696,1
#vinotintosub17femenino; 786210649584050176,1
#vivaespaa; 786144838626324481,1
#watford; 786167225036185600,1
#worldcup; 786128499207655424,1;786134779317977088,1;786138850749853696,1;786158419501682689,1;786162797252009984,1;786167155800715264,1
#xaniatube; 786208597751504896,1
#zurich; 786205882040348672,1
&amp; 786081604175355908,1;786129334264356865,1;786153031792418817,1;786153949443350528,1;786159010374381568,1;786183860996349952,1;786188245344350208,1;786190814015844352,1
&gt; 786144838626324481,1
*; 786086760094830592,4
*11; 786086760094830592,1
+; 786149654429831169,1;786154688320303104,1;786172399855267840,1;786203394553683968,1
+35; 786189975939416064,1
/; 786095916856008704,2;786126769736802304,1;786132965915058176,1;786186360877187072,1;786210098456649728,1
//; 786086760094830592,1;786107011129901057,2
0; 786071438843375617,1;786074025537769473,1;786075964170182656,1;786086760094830592,1;786087763984674816,1;786092127990247424,1;786103797353443328,1;786122533737205760,1;786134202001620992,1;786158419501682689,1;786167155800715264,1;786173033123876864,1;786175613602115584,1;786186360877187072,1;786192225109671937,2;786208597751504896,1
09; 786192225109671937,1;786212007150247936,1
1; 786071438843375617,1;786074025537769473,1;786075786587545600,1;786075964170182656,1;786086760094830592,1;786092127990247424,1;786097475560017920,1;786103797353443328,1;786134377407414272,2;786149654429831169,1;786154688320303104,1;786158419501682689,1;786166560347987968,1;786172399855267840,1;786173033123876864,1;786175613602115584,1;786178159330721793,1;786178846022172673,1;786184392045498368,1;786203394553683968,1;786208257660583936,1;786208597751504896,1;786210649584050176,1;786210775329300481,1
1,7; 786204129890824192,1
10; 786086760094830592,1;786210775329300481,1
10,; 786190669412982784,1
10/10/2016; 786134779317977088,1;786138850749853696,1
11; 786134377407414272,1
12; 786139282905919488,1
12/10/2016; 786158419501682689,1;786162797252009984,1;786167155800715264,1
14; 786134202001620992,1
14th,; 786198065933717504,1
15; 786093400374272001,1;786195968689512448,1
150; 786158751514583041,1;786187665376964608,1
155; 786104929890992128,1
16; 786195968689512448,1;786210775329300481,1
16+; 786095916856008704,1
16/17; 786135019563737088,1
17; 786167225036185600,1
18; 786119039948959744,1
19; 786109699028647936,1
19,2; 786204129890824192,1
1981; 786082071341047808,1
1994; 786120755767496705,1
1k; 786107011129901057,1
1st; 786129334264356865,1;786155412756324352,1
2; 786075786587545600,1;786087763984674816,1;786102748777422848,1;786122533737205760,1;786129334264356865,1;786134202001620992,1;786134377407414272,3;786139282905919488,1;786149654429831169,1;786154688320303104,1;786162797252009984,2;786167155800715264,1;786172399855267840,1;786178159330721793,1;786178846022172673,1;786190669412982784,1;786208257660583936,1;786210649584050176,1
20; 786205455630659584,1
2013; 786204069329186816,1
2015; 786190669412982784,1
2016*; 786086760094830592,1
2017; 786190669412982784,1
25th,; 786198065933717504,1
28; 786090272337850369,1
28]; 786134377407414272,1
3; 786075786587545600,1;786134377407414272,1;786169326843731968,1;786190669412982784,1;786203394553683968,1
3,; 786178846022172673,1
3,2; 786204129890824192,1
30; 786087405124288512,1
30p; 786212456477491200,1
30p,; 786212456477491200,1
30pm; 786151095680675841,1;786171266793340928,1
32; 786075786587545600,1
35; 786092823363878912,1;786210649584050176,1
36; 786178302281076736,1
39; 786210649584050176,1
3rd; 786195968689512448,1
4; 786075786587545600,1;786134377407414272,1;786151095680675841,1;786171266793340928,1;786177127355916288,1;786191699395616768,1;786206225549656064,1;786212456477491200,1
4,74; 786102748777422848,1
40; 786101397779537920,1
40ms; 786092138459193344,1
45u; 786178846022172673,1
5; 786075786587545600,1;786104929890992128,1;786134202001620992,1;786154688320303104,1;786178302281076736,1;786192105978953728,1;786203394553683968,1;786210775329300481,1
53; 786149654429831169,1
54; 786134202001620992,1
57; 786208257660583936,1
5mins; 786129334264356865,1
6; 786075786587545600,1;786184392045498368,1;786212456477491200,1
62; 786134202001620992,1
67; 786210649584050176,1
6pm; 786151095680675841,1;786171266793340928,1
6points,; 786139282905919488,1
7; 786172399855267840,1;786186360877187072,1
7,3; 786204129890824192,1
8; 786083904251916290,1
8/15; 786134202001620992,1
85; 786203394553683968,1
9; 786134202001620992,1
9,1; 786204129890824192,1
91; 786154688320303104,1
=; 786102748777422848,1;786109549224787968,1
@; 786155607543853057,1;786174441612947456,1;786178302281076736,1;786213558321164288,1
@4iamstardust; 786071424570159104,1
@_londonchanelll; 786094808888643584,1
@abc/@theview; 786192067043135488,1
@accion100_953; 786192225109671937,1;786208257660583936,1
@aguiajerson; 786134377407414272,1
@alylovesmovies; 786192250384556032,1
@americaeast; 786206225549656064,1
@annetteh0526; 786188245344350208,1
@argussports; 786077468297920513,1
@as_futbol; 786179571456569344,1
@atletico_madrid; 786118387680378880,1
@basedj_; 786092138459193344,1
@basedman69; 786092209770823680,1
@beno_ldn; 786192105978953728,1
@billyschnaebitz; 786167063983300608,1;786174025634607104,1
@blackpplvines; 786166560347987968,1
@blasradio; 786118387680378880,1
@brianstraus; 786075184784666625,1;786206465526755330,1
@c0nvey; 786149480001404928,1;786212132899749888,1
@capntommyjones; 786165137359142912,1;786167063983300608,1;786174025634607104,1;786174208812326912,1
@ccfafutbol; 786082871870103553,1;786084248356790272,1
@cf_america; 786213558321164288,1
@changefifa; 786132965915058176,1
@chapis_herrera; 786111538692251649,1
@chhs_futbol; 786212456477491200,1
@chhsfutbol; 786179037953724421,1
@chivas; 786111538692251649,1
@chxcharito; 786095442182475776,1
@claytravis; 786185702140616704,1
@creek_futbol; 786151095680675841,1;786171266793340928,1
@cronaldofans15; 786079415038046208,1
@cubs; 786071835645448193,1
@deadlydegea; 786087405124288512,1;786087432794112000,1;786088045699293184,1;786088090456784896,1;786088602530971648,1;786088625947734017,1
@deynac18; 786210649584050176,1
@diarioas; 786144891869007872,1;786145393897828352,1;786146661185708032,1;786156110042370048,1;786157320602517504,1;786166476424130563,1
@dustinjarvis1; 786104929890992128,1
@eazibetsa; 786159495131107328,1
@espn; 786075786587545600,1
@espn580nick; 786159010374381568,1
@espnfc; 786083904251916290,1;786210321698525184,1
@fc_marketing; 786121778984738817,1
@fifamuseum; 786205882040348672,1
@findasense; 786151519120941056,1
@footballshirt; 786120755767496705,1
@friendlyassh0le; 786172363196870656,1
@friendshipchsc; 786179037953724421,1
@frootnl; 786151519120941056,1
@fun_realmadrid; 786209973458075648,1
@futbol__chris; 786097475560017920,1
@futbol_salazar; 786159392211152896,1
@gary; 786188245344350208,1
@goalkeeperplus; 786104803885735936,1
@grantwahl; 786112415259828226,1;786186360877187072,1
@grindofathletes; 786081637226450946,1
@griziizmybae; 786147580799488000,1
@gsarakinis; 786187665376964608,1
@hm_montes; 786090272337850369,1
@hmafc; 786083529566355456,1;786115429462925312,1;786120676734304257,1;786159619403943936,1
@houghsoccer; 786171266793340928,1
@icelandnatural; 786128499207655424,1
@indiantennisfan; 786184392045498368,1;786184537982107648,1
@issa; 786070405555642368,1
@its_jxsh; 786088090456784896,1
@izzyjsalazar; 786156762189537280,1
@jeffodom; 786191393140113408,1
@jesus18bet; 786145441725423616,1
@jrforsgren; 786165137359142912,1;786167063983300608,1;786174025634607104,1;786174208812326912,1
@jtrottersluck; 786178846022172673,1
@kenbone18; 786086675139231745,1
@kickasscantona; 786188245344350208,1
@lagalaxy; 786071438843375617,1;786074025537769473,1;786075964170182656,1;786088045699293184,1;786092127990247424,1;786103797353443328,1;786173033123876864,1;786175613602115584,1
@lee20495; 786198065933717504,1
@leonelgoficial; 786078932537868288,1
@liampayne; 786204069329186816,1
@lideresdeporte; 786122533737205760,1
@macymarie99; 786170824503889921,1
@mapfrestadium; 786178302281076736,1
@marca; 786149042162020352,1;786149049690914816,1;786149085304598528,1;786149126094270464,1;786149273813393408,1;786149416478572544,1;786149442823065600,1;786149843144155136,1;786150012954697728,1;786150180697636864,1;786150260355829760,1;786151246206042112,1;786151844125040640,1;786151876161048577,1;786151928837316608,1;786151972831432704,1;786153151619559424,1;786157619836809216,1;786160380863188992,1;786167375343169540,1;786171925932441600,1;786172646077726721,1;786174734576807936,1;786181705287798784,1;786184536564625408,1;786198508567015428,1
@mediocentroen; 786205116869275648,1
@mexicostats_tri; 786190669412982784,1
@mexicoworldcup; 786089706186498048,1
@mhs_boys_futbol; 786190446590648320,1
@mlb; 786071835645448193,1
@moskitamuertaok; 786204129890824192,1
@muhammadbutt; 786118387680378880,1
@mymufc1; 786188245344350208,1
@ncmagee89; 786092209770823680,1
@nhschargers; 786179037953724421,1
@odinsleftnut; 786071424570159104,1
@officialtaz; 786165137359142912,1;786167063983300608,1;786174025634607104,1;786174208812326912,1
@oficialgio; 786071438843375617,1;786074025537769473,1;786075964170182656,1;786092127990247424,1;786103797353443328,1;786173033123876864,1;786175613602115584,1
@oliviaaldaz_; 786081604175355908,1
@pinto_soccer; 786096618999312384,1
@prepsnow; 786179037953724421,1
@prisonplanet; 786200352743825412,1
@pvsoftballga; 786155412756324352,1
@quickappninja; 786084790114082816,1
@radio_ltb; 786159052086706176,1
@railhawksfc; 786153031792418817,1;786153949443350528,1
@raleigheagles; 786179037953724421,1
@ramrants; 786192067043135488,1
@rangersnewsfeed; 786189910927609856,1
@realdailypayne; 786204069329186816,1
@realmadriden; 786213230909726720,1
@redordead07; 786188245344350208,1
@richard7hill; 786188245344350208,1
@rthsraptors; 786179037953724421,1
@sbutterfliesnc; 786153949443350528,1
@serdna_10; 786076023586775040,1
@serg_almenara; 786110320746070016,1
@sfdeltas; 786171201437573120,1
@shaneohhh_; 786174025634607104,1;786174208812326912,1
@shetanisaba; 786188245344350208,1
@si_soccer; 786186360877187072,1
@sinow; 786202230403715072,1
@soccersanmarino; 786093400374272001,1
@spongebobruined; 786088090456784896,1
@sport_en; 786181850326769664,1;786181985395879936,1;786187652022333440,1;786202182022463489,1;786203702910554112,1;786211976024363008,1;786212555593252865,1;786213331476635648,1
@sportstvratings; 786185702140616704,1
@stadiongebod; 786203062910189568,1
@tampabayrowdies; 786189048125599744,1
@tazshowlive; 786165137359142912,1;786167063983300608,1;786174025634607104,1;786174208812326912,1
@thefunnyfml; 786168069592801280,1
@thekingsman36; 786167063983300608,1;786174208812326912,1
@thereal_kkrebs; 786190814015844352,1
@thestraygoat; 786089706186498048,1
@timrunshismouth; 786167818723164160,1
@tomassantoro; 786151519120941056,1
@trafficvalencia; 786192225109671937,1;786208257660583936,1
@tsw_quilly; 786123482316759040,1
@ukcoachingbible; 786183860996349952,1
@usfmsoc; 786188635930406912,1
@usfmuma; 786159010374381568,1
@usfwsoc; 786188717778022400,1
@utdandy; 786188245344350208,1
@vivaeducacion; 786084248356790272,1
@wfladan; 786189662696026113,1
@wgsrules; 786178302281076736,1
@winklevoss; 786138263459274752,1
@woridstarhiph0p; 786167266979090432,1
@worldnewsdotcom; 786101314094858240,1
@worldstarc0medy; 786172104639033345,1
@xhnews; 786179571456569344,1
@zaxbys; 786153031792418817,1;786153949443350528,1
@zerochance09; 786205882040348672,1
@zmethod214; 786090404580122624,1
[; 786134377407414272,1;786204129890824192,1
[+0; 786134377407414272,1
[highlights]; 786208597751504896,1
]; 786134377407414272,1;786204129890824192,1
aaaaaa; 786155412756324352,1
abdin; 786146976983158784,1
abraham; 786177155675881472,1
absolv; 786204069329186816,1
ac; 786172399855267840,1
account; 786172363196870656,1
acs; 786082071341047808,1
ad; 786208597751504896,1
addit; 786214175643099136,1
adida; 786095916856008704,1;786210775329300481,1
adopt; 786157733711970306,1
adv; 786162257067700224,1;786182300253978624,1;786186360877187072,1;786190814015844352,1
af; 786073475274436608,1
again,; 786191016349007872,1
ago; 786192105978953728,1
aguero; 786169578997022720,1
ahead; 786176358401597440,1
aint; 786071835645448193,1
air; 786101569209139200,1;786169326843731968,1
al; 786093400374272001,1;786192225109671937,1;786208257660583936,1
alg; 786176358401597440,1
alger; 786162257067700224,1
alias,; 786089706186498048,1
allow; 786192067043135488,1
already; 786118994055004160,1
am; 786129334264356865,1;786135019563737088,1
amaz; 786201325600120832,1;786208192674037760,1
amir; 786146976983158784,1
amo; 786159392211152896,1
anderson; 786131811600510980,1
andre; 786115761437900801,1
annagh; 786203394553683968,1
annount; 786213230909726720,1
anoth; 786191699395616768,1
anything,; 786081637226450946,1
ap; 786126769736802304,1;786132965915058176,1
approach; 786210098456649728,1
aprox; 786102748777422848,1
argentin; 786093566200348673,1;786119039948959744,1;786181658286419969,1;786181850326769664,1;786181985395879936,1;786187652022333440,1;786212555593252865,1;786213331476635648,1
arizon; 786159052086706176,1
around; 786172827690999808,1;786186047344431105,1;786194937368944640,1
ars; 786104803885735936,1
arth; 786130114161565696,1
arturo; 786116213084741632,1
ask; 786082871870103553,1;786084248356790272,1
assault; 786192067043135488,1
assess; 786190653084561409,1
assist; 786071438843375617,1;786074025537769473,1;786075964170182656,1;786092127990247424,1;786103797353443328,1;786173033123876864,1;786175613602115584,1
atrocy; 786181658286419969,1;786181850326769664,1;786181985395879936,1;786187652022333440,1;786212555593252865,1;786213331476635648,1
away; 786082071341047808,1;786083174136836096,1;786083904251916290,1;786093400374272001,1;786135019563737088,1
b; 786126769736802304,1;786132965915058176,1;786156762189537280,1;786157733711970306,1;786177319429742592,1;786208597751504896,1
back; 786131811600510980,1;786148891670577152,1;786149042162020352,1;786149049690914816,1;786149085304598528,1;786149126094270464,1;786149273813393408,1;786149416478572544,1;786149442823065600,1;786149480001404928,1;786149843144155136,1;786150012954697728,1;786150180697636864,1;786150260355829760,1;786151246206042112,1;786151844125040640,1;786151876161048577,1;786151928837316608,1;786151972831432704,1;786153151619559424,1;786157619836809216,1;786160380863188992,1;786167375343169540,1;786171925932441600,1;786172646077726721,1;786174734576807936,1;786181705287798784,1;786184536564625408,1;786198508567015428,1;786206465526755330,1;786212132899749888,1
bad; 786210321698525184,1
bafan; 786127017196589057,1
bag; 786101358319599616,1
bal; 786169326843731968,1;786205116869275648,1
bang; 786087405124288512,1
bar; 786146976983158784,1
barcelon; 786078252024594432,1;786079415038046208,1;786174906417475584,1;786208597751504896,1
bas; 786192105978953728,1
basquet; 786189975939416064,1
bc; 786141445413494784,1
beautiful,; 786156762189537280,1
ben; 786192250384556032,1
benfica,; 786190653084561409,1
bentek; 786076253489094656,1
bequipotv; 786174983924056064,1
bermeo; 786134202001620992,1
best; 786156762189537280,1;786172363196870656,1;786186047344431105,1
bet; 786134202001620992,1;786145441725423616,1
bfc; 786146976983158784,1
biels; 786186360877187072,1
big; 786153031792418817,1;786153949443350528,1;786178159330721793,1
bik; 786092823363878912,1
bil; 786089706186498048,1;786167818723164160,1
bitch,; 786192067043135488,1
bitcoin; 786138263459274752,1;786141635985813504,1
biz; 786190814015844352,1
blaaarg; 786118387680378880,1
blast; 786205882040348672,1
boil; 786094808888643584,1
boka; 786172827690999808,1
boludeo; 786106200962265088,1
boot; 786210775329300481,1
bor; 786070405555642368,1
born; 786088602530971648,1
boruss; 786205116869275648,1
boss; 786177155675881472,1
boy; 786169326843731968,1;786178159330721793,1;786189975939416064,1;786205116869275648,1
brag; 786144838626324481,1
break; 786083174136836096,1
breaks,; 786083529566355456,1;786115429462925312,1;786120676734304257,1;786159619403943936,1
breath; 786116213084741632,1
bring; 786153031792418817,1;786153949443350528,1
bro; 786092138459193344,1;786092209770823680,1;786138263459274752,1
bronco; 786075786587545600,1
bruc; 786101358319599616,1
buff; 786144838626324481,1
build; 786084790114082816,1
bul; 786185935931240448,1
busy; 786138263459274752,1;786159010374381568,1;786188635930406912,1;786188717778022400,1;786189048125599744,1;786189662696026113,1;786191393140113408,1
buy; 786138263459274752,1
c; 786134779317977088,1
caffein; 786201997405933568,1
cahil; 786092823363878912,1
cal; 786192067043135488,2
cam; 786082464095764480,1
campaign; 786156713045008384,1
campo; 786155607543853057,1;786174441612947456,1
candidato; 786207639604752384,1;786210879691821056,1;786212902285873152,1;786212906618675200,1;786212908568940545,1;786212913295921152,1;786213641578160129,1;786213641603338240,1
cantasilla; 786134763258179584,1
capt; 786194868339142656,1
car; 786156762189537280,1
card; 786126769736802304,1;786132965915058176,1;786157733711970306,1;786177319429742592,1
carlo; 786167266979090432,1;786186360877187072,1
carson; 786192250384556032,1
cas; 786206465526755330,1
catalon; 786158751514583041,1;786187665376964608,1
caus; 786192105978953728,1
ccfa; 786082871870103553,1;786084248356790272,1
ccs; 786178302281076736,1
cd; 786134202001620992,1
cent; 786186047344431105,1
challeng; 786134202001620992,1;786184392045498368,1
champ; 786101314094858240,1;786178302281076736,1
chang; 786187311025426432,1;786189910927609856,1
chant; 786169578997022720,1
che; 786167818723164160,1
check; 786084790114082816,1;786088090456784896,1;786095629437206528,1;786158972906594304,1;786178753395392512,1;786178846022172673,1
chi; 786184392045498368,1
chief; 786160750834360321,1
chievoveron; 786172399855267840,1
chil; 786116213084741632,1
child; 786088602530971648,1
chile,; 786186360877187072,1
chin; 786109699028647936,1
christchurch; 786204069329186816,1
christensen; 786205116869275648,1;786205455630659584,1
christian; 786076253489094656,1
city; 786149654429831169,1;786184392045498368,1
clas; 786145691366256640,1
cli; 786121778984738817,1
cliftonvil; 786203394553683968,1
clinton; 786167818723164160,1
club; 786078252024594432,1;786079415038046208,1;786158751514583041,1;786187665376964608,1;786204681760636932,1
club,; 786101314094858240,1
coach; 786081637226450946,1;786110320746070016,1;786176358401597440,1;786209973458075648,1;786210098456649728,1
colomb; 786202230403715072,1
colombiano; 786084790114082816,1
com; 786144635441803264,1;786144891869007872,1;786145393897828352,1;786146661185708032,1;786156110042370048,1;786157320602517504,1;786158972906594304,1;786159010374381568,1;786166476424130563,1;786188635930406912,1;786188717778022400,1;786189048125599744,1;786189662696026113,1;786190814015844352,1;786191393140113408,1
commit; 786188635930406912,1;786188717778022400,1;786189048125599744,1;786189662696026113,1;786190814015844352,1;786191393140113408,1
complet; 786200352743825412,1
completo; 786134779317977088,1;786138850749853696,1
con; 786171837906456576,1
cond; 786155607543853057,1
conf; 786178302281076736,1;786190669412982784,1
congr; 786138263459274752,1
contacto; 786171837906456576,1
contract; 786104803885735936,1;786190446590648320,1
control; 786110320746070016,1;786200352743825412,1
coo; 786191393140113408,1
cop; 786186360877187072,1
could; 786081604175355908,1
country; 786174025634607104,1
county; 786102748777422848,1
county,; 786171837906456576,1
coutinho; 786198065933717504,1
cov; 786077468297920513,1;786190814015844352,1
crack; 786176358401597440,1
crav; 786192105978953728,1
cre; 786084790114082816,1;786183860996349952,1
creativo; 786112742650503168,1
credit; 786088090456784896,1
crespo; 786199900295950336,1;786202182022463489,1;786203702910554112,1;786211976024363008,1
crew; 786194937368944640,1
cristiano; 786076261126901761,1
ct; 786154688320303104,1
cub; 786089706186498048,1
cuddl; 786192105978953728,1
cult; 786080614361534466,1;786185702140616704,1
cuot; 786102748777422848,1
cup; 786083174136836096,1;786116213084741632,1;786156713045008384,1;786202230403715072,1
cup,; 786076253489094656,1
cut; 786110320746070016,1;786204681760636932,1
cutest; 786204069329186816,1
da; 786184392045498368,1
daddy; 786159392211152896,1
dant; 786109233825808384,1
dark; 786095916856008704,1
dat; 786073929844682752,1;786092138459193344,1
david; 786112415259828226,1;786204996090101764,1
day; 786093400374272001,1;786156762189537280,1;786179037953724421,1;786190669412982784,2;786212007150247936,1
de; 786102748777422848,1;786155607543853057,1;786189975939416064,2;786213558321164288,1
deal; 786092138459193344,1
dear; 786184537982107648,1
debac; 786186360877187072,1
decemb; 786195968689512448,1
def; 786071438843375617,1;786074025537769473,1;786075964170182656,1;786092127990247424,1;786103797353443328,1;786173033123876864,1;786175613602115584,1;786190669412982784,1
deport; 786159052086706176,1
derby; 786102748777422848,1;786171837906456576,1
deserv; 786135583257231360,1
despit; 786187311025426432,1;786189910927609856,1
diario; 786151519120941056,1
dirw; 786172827690999808,1
discours; 786185702140616704,1
disrespect; 786166560347987968,1
dodg; 786089706186498048,1
dond; 786106200962265088,1
dont; 786073929844682752,2
doubt; 786204969837789184,1
drab; 786075184784666625,1
dram; 786202230403715072,1
draw; 786075184784666625,1;786191016349007872,1;786199900295950336,1;786202182022463489,1;786202230403715072,1;786203702910554112,1;786211976024363008,1
dream; 786201531712475136,1
dri; 786078252024594432,1;786079415038046208,1
due; 786168069592801280,1
dust; 786095916856008704,1
dvrd; 786090272337850369,1
eagl; 786131811600510980,1;786156713045008384,1;786176358401597440,1
east; 786082871870103553,1;786084248356790272,1
ecuador,; 786202230403715072,1
eith; 786073929844682752,1
em; 786089706186498048,1
en; 786149654429831169,1;786154688320303104,1;786172399855267840,1;786189975939416064,1;786203394553683968,1
encount; 786208192674037760,1
enjoy; 786112415259828226,1
enr; 786174906417475584,1
entir; 786172363196870656,1
er; 786198065933717504,1
es; 786207639604752384,1;786210879691821056,1;786212902285873152,1;786212906618675200,1;786212908568940545,1;786212913295921152,1;786213641578160129,1;786213641603338240,1
escob; 786129334264356865,1
esit; 786131811600510980,1
espanol; 786090272337850369,1
espanyol; 786208597751504896,1
espn; 786185702140616704,1
espn/watchespn; 786083904251916290,1
essays,; 786168069592801280,1
et; 786083904251916290,1
europ; 786101314094858240,1
exact; 786083904251916290,1
exampl; 786121778984738817,1
excel; 786208359502405632,1
exclud; 786194868339142656,1;786201531712475136,1
exec; 786159010374381568,1
exp; 786093566200348673,1
expect; 786123482316759040,1
explain; 786162073365573632,1;786182300253978624,1
expos; 786096618999312384,1
f; 786138850749853696,1
fac; 786083904251916290,1;786089706186498048,1
fair; 786126769736802304,1;786132965915058176,1;786157733711970306,1
fam; 786194868339142656,1
family,; 786205539504103424,1
famy; 786073475274436608,1
fan; 786135583257231360,1;786153031792418817,1;786153949443350528,1;786188245344350208,1
far; 786107011129901057,1
farm; 786190653084561409,1
faro; 786076261126901761,1
fastest; 786076253489094656,1
faun; 786201325600120832,1
fav; 786153031792418817,1;786153949443350528,1
fc; 786149654429831169,2;786208597751504896,1
feat; 786077468297920513,1
fg/ag; 786095916856008704,1
field; 786187153214668800,1;786214175643099136,1
fif; 786078252024594432,1;786079415038046208,1
fin; 786087763984674816,1;786088625947734017,1;786109549224787968,1;786122533737205760,1;786192105978953728,1;786206465526755330,1
find; 786077468297920513,1
firm; 786207639604752384,1;786210879691821056,1;786212902285873152,1;786212906618675200,1;786212908568940545,1;786212913295921152,1;786213641578160129,1;786213641603338240,1
first; 786088602530971648,1;786104803885735936,1;786134202001620992,1
fit; 786078252024594432,1;786079415038046208,1;786162073365573632,1;786210098456649728,1
fiv; 786168069592801280,1
flashiest; 786194937368944640,1
flo; 786169326843731968,1
fly; 786156713045008384,1
focus; 786101314094858240,1
follow; 786104929890992128,1;786188245344350208,1;786201531712475136,1
foo; 786208359502405632,1
foot; 786101397779537920,1
footbal; 786077468297920513,1;786109699028647936,1;786156816472219652,1;786159010374381568,1;786165848096567296,1;786167063983300608,1;786188635930406912,1;786188717778022400,1;786189048125599744,1;786189662696026113,1;786190814015844352,1;786191393140113408,1;786210775329300481,1
footy; 786174208812326912,1
forg; 786086675139231745,1
found; 786194868339142656,1;786194937368944640,1;786201325600120832,1;786201531712475136,1;786208192674037760,1
frant; 786076255590440960,1
fre; 786134377407414272,1
freak; 786093400374272001,1
friend; 786201997405933568,1
frijol; 786096618999312384,1
ftbol; 786077468297920513,1;786092823363878912,1;786101397779537920,1;786107011129901057,1;786112415259828226,1;786118994055004160,1;786134377407414272,1;786177127355916288,1;786190669412982784,1;786206225549656064,1
fu; 786071424570159104,1
fuck; 786118994055004160,1;786123482316759040,1
fun,; 786205539504103424,1
funniest; 786170824503889921,1;786172104639033345,1
futbol; 786071424570159104,1;786073475274436608,1;786076023586775040,1;786078252024594432,1;786078932537868288,1;786079415038046208,1;786082464095764480,1;786083174136836096,1;786083529566355456,1;786084790114082816,1;786090272337850369,1;786090404580122624,1;786092138459193344,1;786092209770823680,1;786096618999312384,1;786104929890992128,1;786115429462925312,1;786120676734304257,1;786134202001620992,1;786138090092068864,1;786138263459274752,1;786141445413494784,1;786141635985813504,1;786155607543853057,1;786156816472219652,1;786159010374381568,1;786159619403943936,1;786162073365573632,1;786162080877518848,1;786165137359142912,1;786167063983300608,1;786167225036185600,1;786174208812326912,1;786174441612947456,1;786177155675881472,1;786178159330721793,1;786178846022172673,1;786182300253978624,1;786185702140616704,1;786186047344431105,1;786187311025426432,1;786188635930406912,1;786188717778022400,1;786189048125599744,1;786189662696026113,1;786189910927609856,1;786190814015844352,1;786191393140113408,1;786201997405933568,1;786204969837789184,1;786204996090101764,1;786205539504103424,1;786208597751504896,1;786211818553212928,1
futbollegend; 786147580799488000,1
gabriel; 786129334264356865,1
gam; 786084790114082816,2;786116213084741632,1;786177127355916288,1;786187378125893632,1;786206225549656064,1
games,; 786139282905919488,1
gaminginspain; 786151519120941056,1
ger; 786187311025426432,1;786189910927609856,1
get; 786092823363878912,1;786101397779537920,1;786107011129901057,1;786192105978953728,1;786194937368944640,1
ghan; 786127017196589057,1
giants,; 786208192674037760,1
girl; 786084790407663616,1;786192105978953728,1;786211818553212928,1
girld; 786082464095764480,1;786211818553212928,1
giv; 786156713045008384,1
go; 786088090456784896,1
goal; 786076253489094656,1;786087405124288512,1;786092823363878912,1;786093400374272001,1;786101397779537920,1;786107011129901057,1;786129334264356865,1;786134202001620992,1;786139282905919488,1;786146976983158784,1;786162080877518848,1
goal,; 786204996090101764,1
goalkeep; 786104803885735936,1;786167225036185600,1;786183860996349952,1
goe; 786088090456784896,1;786089706186498048,1
going; 786090272337850369,1;786104929890992128,1;786178159330721793,1;786195968689512448,1
gol; 786210649584050176,1
golazo; 786076261126901761,1
gold; 786213558321164288,1
gonn; 786109233825808384,1;786138263459274752,1;786141445413494784,1
good; 786084790407663616,1;786088090456784896,1;786155412756324352,1;786166560347987968,1;786177319429742592,1
got; 786092138459193344,1;786170824503889921,1
gr; 786095916856008704,1
gre; 786073475274436608,1;786190669412982784,1
greatest; 786204969837789184,1
green; 786075184784666625,1;786126769736802304,1;786132965915058176,1;786157733711970306,1;786177319429742592,1;786191016349007872,1;786206465526755330,1
grey; 786095916856008704,1
ground; 786210775329300481,1
group; 786134779317977088,1;786138850749853696,1
gruel; 786156713045008384,1
guru; 786210098456649728,1
guy; 786073475274436608,1;786191699395616768,1
gym; 786213558321164288,1
hah; 786101397779537920,1
half; 786112415259828226,1;786134202001620992,1;786192105978953728,1
hap; 786073929844682752,1
happiest; 786076023586775040,1
happy; 786156762189537280,1
hard; 786073929844682752,1
hern; 786199900295950336,1;786202182022463489,1;786203702910554112,1;786211976024363008,1
herrer; 786087432794112000,1
hes; 786131811600510980,1
hi; 786184537982107648,1
high; 786211818553212928,1
highest; 786198065933717504,1
hil; 786167818723164160,1
hist; 786076253489094656,1;786198065933717504,1
hit; 786205455630659584,1
ho; 786184392045498368,1
hom; 786120755767496705,1;786212456477491200,1
honesty; 786135583257231360,1
hop; 786101358319599616,1;786116213084741632,1;786156713045008384,1;786159010374381568,1;786189662696026113,1
horn; 786185935931240448,1
host; 786151095680675841,1;786171266793340928,1
hot; 786176358401597440,1
hour; 786112415259828226,1;786178302281076736,1
ht; 786083904251916290,1
https; 786121778984738817,1;786186360877187072,1;786203062910189568,1
hunt; 786194868339142656,1
hurry; 786167266979090432,1
husband; 786090272337850369,1
hw; 786168069592801280,1
hyp; 786107011129901057,1
ii; 786174441612947456,1
ik; 786134763258179584,1
illust; 786116213084741632,1;786191016349007872,1
im; 786138263459274752,1;786141635985813504,1;786211818553212928,1
improv; 786083174136836096,1
inaug; 786171201437573120,1
inglaterr; 786102748777422848,1
insid; 786162073365573632,1;786162080877518848,1;786167225036185600,1;786177155675881472,1;786182300253978624,1;786187311025426432,1;786189910927609856,1;786194937368944640,1;786204996090101764,1
insist; 786187311025426432,1;786189910927609856,1
inteligente,; 786156762189537280,1
intern; 786083174136836096,1;786083529566355456,1;786115429462925312,1;786120676734304257,1;786159619403943936,1;786185702140616704,1
internet,; 786204681760636932,1
interview; 786112415259828226,1;786172104639033345,1
interviews,; 786086675139231745,1
introduc; 786126769736802304,1;786132965915058176,1
inv; 786154688320303104,1
isl; 786201325600120832,1
island; 786076261126901761,1
issu; 786177319429742592,1
it; 786160750834360321,1;786177319429742592,1
ita; 786120755767496705,1;786126769736802304,1;786132965915058176,1;786157733711970306,1
jam; 786204996090101764,1
jeff; 786170824503889921,1
jes; 786129334264356865,1;786201997405933568,1
jin; 786141445413494784,1
joao; 786104803885735936,1
job; 786101358319599616,1
join; 786159010374381568,1;786189662696026113,1
jos; 786096618999312384,1
josh; 786096618999312384,1
joy; 786192067043135488,1
juan; 786186360877187072,1
juic; 786104929890992128,1
jul; 786075184784666625,1;786191016349007872,1
juvenil; 786208597751504896,1
jv; 786151095680675841,1;786171266793340928,1;786212456477491200,1
ka; 786172827690999808,1
kat; 786071424570159104,1
keep; 786178159330721793,1;786200352743825412,1
ket; 786192105978953728,1
kick; 786071424570159104,1
kil; 786201325600120832,1
kind,; 786156762189537280,1
king; 786130114161565696,1
kk; 786205455630659584,1
kljestan; 786075184784666625,1
kljestan,; 786206465526755330,1
klop; 786186047344431105,1
knock; 786192250384556032,1
know; 786073929844682752,1;786184537982107648,1
kroo; 786213230909726720,1
kung; 786071424570159104,1
la; 786189975939416064,1
larg; 786078252024594432,1;786079415038046208,1
las; 786076255590440960,1
last; 786087405124288512,1;786129334264356865,1
lat; 786202230403715072,1
latest; 786111538692251649,1;786112742650503168,1;786118387680378880,1;786151519120941056,1;786159052086706176,1
laugh; 786157733711970306,1
law; 786162257067700224,1
league,; 786187311025426432,1;786189910927609856,1
leak; 786174906417475584,1
lee; 786102748777422848,1
leg; 786094808888643584,1
legend; 786182300253978624,1
legit; 786071424570159104,1
leigh; 786187153214668800,1
less; 786178302281076736,1
let; 786073929844682752,1;786092209770823680,1;786178159330721793,1;786200352743825412,1
level; 786199900295950336,1;786202182022463489,1;786203702910554112,1;786211976024363008,1
lfc; 786198065933717504,1
lib; 786192250384556032,1
lif; 786073929844682752,1;786116213084741632,1;786172363196870656,1
lik; 786073475274436608,1;786081637226450946,1;786092823363878912,1;786094808888643584,1;786101397779537920,1;786138263459274752,1;786141445413494784,1;786177155675881472,1;786210098456649728,1
link; 786095629437206528,1;786178753395392512,1
lionel; 786204969837789184,1
littl; 786153031792418817,1;786153949443350528,1
liv; 786093566200348673,1;786158972906594304,1
liverpool; 786090404580122624,1
llon; 786191699395616768,1
loan; 786162080877518848,1;786190653084561409,1
loc; 786189975939416064,1
logo; 786084790114082816,1
lol; 786174208812326912,1
long; 786076255590440960,1
look; 786094808888643584,1;786141445413494784,1;786169578997022720,1;786194937368944640,1
los; 786184392045498368,1;786213558321164288,1
lott; 786081604175355908,1
lov; 786083529566355456,1;786088602530971648,2;786115255093096448,1;786115429462925312,1;786120676734304257,1;786144838626324481,1;786159619403943936,1;786190446590648320,1;786192250384556032,1;786201997405933568,1
loving,; 786156762189537280,1
luck; 786073929844682752,1;786155412756324352,1
lui; 786199900295950336,1;786202182022463489,1;786203702910554112,1;786211976024363008,1
madrid; 786145441725423616,1
mag; 786169326843731968,1
main; 786123482316759040,1
mak; 786076023586775040,1;786169326843731968,1;786210775329300481,1
man; 786082071341047808,1;786087405124288512,1;786147580799488000,1;786201997405933568,1
manchest; 786090404580122624,1
many; 786192105978953728,1
marcelo; 786186360877187072,1
marino; 786083529566355456,1;786115429462925312,1;786120676734304257,1;786159619403943936,1
mart; 786155607543853057,1
mashab; 786157967427117056,1;786159495131107328,1
mashup; 786070405555642368,1
mat; 786207639604752384,1;786210879691821056,1;786212902285873152,1;786212906618675200,1;786212908568940545,1;786212913295921152,1;786213641578160129,1;786213641603338240,1
match; 786082071341047808,1;786178302281076736,1;786184392045498368,1
maviru; 786179571456569344,1
mayb; 786190814015844352,1
mcclaren; 786171837906456576,1;786207223454179328,1
md; 786174906417475584,1
med; 786200352743825412,1
meet; 786153031792418817,1;786153949443350528,1
memb; 786172827690999808,1
men; 786212456477491200,1
mess; 786095916856008704,1;786119039948959744,1;786144635441803264,1;786144891869007872,1;786145393897828352,1;786146661185708032,1;786148891670577152,1;786149042162020352,1;786149049690914816,1;786149085304598528,1;786149126094270464,1;786149273813393408,1;786149416478572544,1;786149442823065600,1;786149480001404928,1;786149843144155136,1;786150012954697728,1;786150180697636864,1;786150260355829760,1;786151246206042112,1;786151844125040640,1;786151876161048577,1;786151928837316608,1;786151972831432704,1;786153151619559424,1;786156110042370048,1;786157320602517504,1;786157619836809216,1;786160380863188992,1;786166476424130563,1;786167375343169540,1;786171925932441600,1;786172646077726721,1;786172827690999808,1;786174734576807936,1;786181658286419969,1;786181705287798784,1;786181850326769664,1;786181985395879936,1;786184536564625408,1;786187652022333440,1;786198508567015428,1;786204969837789184,1;786212132899749888,1;786212555593252865,1;786213331476635648,1
metal; 786095916856008704,1
metro; 786178159330721793,1
mex; 786190669412982784,1
mexico; 786071438843375617,1;786074025537769473,1;786075964170182656,1;786092127990247424,1;786103797353443328,1;786173033123876864,1;786175613602115584,1;786186360877187072,1;786190669412982784,1;786206465526755330,1
michel; 786167818723164160,1
mid; 786169326843731968,1;786205455630659584,1
mil; 786172399855267840,1
min; 786192105978953728,1;786192225109671937,1;786208257660583936,1
minas; 786070405555642368,1
minh; 786184392045498368,1
minut; 786090272337850369,1
miss; 786169578997022720,2
mlb; 786134377407414272,1
mnchengladbach; 786205116869275648,1
mohr; 786146976983158784,1
mom; 786126769736802304,1;786132965915058176,1
mon; 786083904251916290,1;786171201437573120,1;786212456477491200,1
monday; 786090404580122624,1;786168069592801280,1
monst; 786208192674037760,1
mont; 786082071341047808,1
moy; 786135583257231360,1
ms; 786187153214668800,1
much; 786073929844682752,1;786166560347987968,1
mucho; 786159392211152896,1
mufc; 786188245344350208,1
mvp; 786207639604752384,1;786210879691821056,1;786212902285873152,1;786212906618675200,1;786212908568940545,1;786212913295921152,1;786213641578160129,1;786213641603338240,1
mynen; 786184392045498368,1;786184537982107648,1
myyy; 786174441612947456,1
nak; 786192105978953728,1
nasty; 786092823363878912,1
nat; 786109699028647936,1
nca; 786178846022172673,1
nee; 786141445413494784,1;786186047344431105,1;786210098456649728,1
negoty; 786138263459274752,1
netherland; 786076255590440960,1
nev; 786071835645448193,1;786107011129901057,1
new; 786075184784666625,1;786075786587545600,1;786083904251916290,1;786084790114082816,1;786179571456569344,1;786191016349007872,1;786191699395616768,1;786208597751504896,1;786210098456649728,1;786214175643099136,1
newslet; 786151519120941056,1
next; 786112415259828226,1;786171201437573120,1
nfl; 786075786587545600,1
nick; 786070405555642368,1
nigeria/alger; 786162257067700224,1
night; 786090404580122624,1;786109233825808384,1;786118994055004160,1;786129334264356865,1
nihongo; 786080614361534466,1
nik; 786078252024594432,1;786079415038046208,1
no,; 786109549224787968,1
nons; 786210098456649728,1
northeast; 786149654429831169,1
norway; 786083529566355456,1;786115429462925312,1;786120676734304257,1;786159619403943936,1
nos; 786105583908847616,1
noth; 786084790407663616,1;786138263459274752,1
nud; 786082464095764480,2;786211818553212928,1
numb; 786097475560017920,1;786181658286419969,1;786181850326769664,1;786181985395879936,1;786187652022333440,1;786212555593252865,1;786213331476635648,1
nycfc; 786112415259828226,1
o3; 786104929890992128,1
obam; 786167818723164160,1
oct; 786134377407414272,1
octob; 786190669412982784,1
od; 786134202001620992,1
off; 786189975939416064,1;786210775329300481,1;786213230909726720,1
oh; 786166560347987968,1
oil; 786178159330721793,1
old; 786167225036185600,1;786172363196870656,1;786205455630659584,1
omg; 786192250384556032,1
on; 786070405555642368,1;786078932537868288,2;786083904251916290,1;786153031792418817,1;786153949443350528,1;786172104639033345,1;786201325600120832,1
op; 786184392045498368,1
osorio; 786186360877187072,1
overha; 786127017196589057,1
overs,; 786178846022172673,1
pablo; 786129334264356865,1
pag; 786088090456784896,1
panama,; 786071438843375617,1;786074025537769473,1;786075964170182656,1;786092127990247424,1;786103797353443328,1;786173033123876864,1;786175613602115584,1
paraguay; 786093566200348673,2
park; 786101358319599616,1
parkview; 786155412756324352,1
particip; 786209973458075648,1
pass; 786083529566355456,1;786115429462925312,1;786120676734304257,1;786159619403943936,1;786165848096567296,1
past; 786212456477491200,1
patriot; 786075786587545600,1
paul; 786076255590440960,1
pedro; 786088625947734017,1
penal; 786169578997022720,2
per; 786126769736802304,1;786132965915058176,1
perez; 786191699395616768,1
perfect; 786162073365573632,1
person; 786073475274436608,1;786170824503889921,1;786172363196870656,1
phillipin; 786104929890992128,1
photo; 786155607543853057,1
pick; 786134377407414272,2
piec; 786174906417475584,1
pilot; 786070405555642368,1
pinto; 786096618999312384,1
pir; 786185935931240448,1;786194868339142656,1
pl; 786198065933717504,2
planet; 786112415259828226,1
play; 786083174136836096,1;786084790407663616,1;786092138459193344,1;786092209770823680,1;786126769736802304,1;786132965915058176,1;786138090092068864,1;786153031792418817,1;786153949443350528,1;786157733711970306,1;786162073365573632,1;786178846022172673,1;786189975939416064,1;786198065933717504,1;786204069329186816,1;786204969837789184,1;786212456477491200,1
playmak; 786160750834360321,1
playoff; 786155412756324352,1
plonk; 786167063983300608,1
podcast; 786112415259828226,1
pogb; 786076255590440960,1
point; 786119039948959744,1
poison; 786185702140616704,1
poop; 786211818553212928,1
por; 786145441725423616,1
porto; 786190653084561409,1
portug; 786076261126901761,1
portugues; 786104803885735936,1
post; 786155607543853057,1
pow; 786075786587545600,1
power/pace; 786205116869275648,1
ppl; 786123482316759040,1
pract; 786081637226450946,1
pregam; 786134377407414272,1
prep; 786162257067700224,1
presid; 786167818723164160,1
press; 786083529566355456,1;786115429462925312,1;786120676734304257,1;786159619403943936,1
pretend; 786200352743825412,1
prevy; 786212456477491200,1
priorit; 786190446590648320,1
profess; 786104803885735936,1
profil; 786201531712475136,1
project; 786121778984738817,1
projects,; 786168069592801280,1
pronoun; 786141635985813504,1
pronount; 786174025634607104,1
proud; 786139282905919488,1
pun; 786149654429831169,1
pureagil; 786095916856008704,1
purpl; 786075786587545600,1
qual; 786076253489094656,1;786083174136836096,2;786128499207655424,1;786190669412982784,1;786202230403715072,1
quaresm; 786101397779537920,1
quiz; 786084790114082816,1
r2; 786184392045498368,1
rabbit; 786201325600120832,1
rad; 786206465526755330,1
raid; 786214175643099136,1
rang; 786076255590440960,1;786154688320303104,1;786187311025426432,1;786189910927609856,1
rank; 786075786587545600,1
rat; 786204129890824192,1
raw; 786073475274436608,1
razon; 786102748777422848,1
rcd; 786208597751504896,1
react; 786141445413494784,1;786183860996349952,1
ready; 786177127355916288,1;786185935931240448,1;786206225549656064,1
real; 786073929844682752,1;786112415259828226,1;786145441725423616,1;786172104639033345,1
rec; 786092138459193344,1
record; 786090272337850369,1
regard; 786184537982107648,1
reign; 786075786587545600,1
remad; 786092823363878912,1;786101397779537920,1;786107011129901057,1
rememb; 786167818723164160,1;786204996090101764,1
resum; 786086760094830592,1;786134779317977088,1;786138850749853696,1;786158419501682689,1;786162797252009984,1;786167155800715264,1
retir; 786184392045498368,1;786184537982107648,1
return; 786134202001620992,1
rev; 786162080877518848,1;786177155675881472,1;786181658286419969,1;786181850326769664,1;786181985395879936,1;786187652022333440,1;786212555593252865,1;786213331476635648,1
revel; 786205116869275648,1
reward; 786157733711970306,1
riesgo; 786102748777422848,1
robl; 786115761437900801,1
rohr; 786162257067700224,1
rol; 786172827690999808,1
ronaldo; 786076261126901761,1
rooney; 786198065933717504,1
round; 786155412756324352,1;786201997405933568,1
routin; 786174906417475584,1
rt; 786070405555642368,1;786071438843375617,1;786071835645448193,1;786074025537769473,1;786075786587545600,1;786075964170182656,1;786076023586775040,1;786077468297920513,1;786079415038046208,1;786081604175355908,1;786081637226450946,1;786083529566355456,1;786083904251916290,1;786084248356790272,1;786086675139231745,1;786087405124288512,1;786087432794112000,1;786088045699293184,1;786088090456784896,1;786088602530971648,1;786088625947734017,1;786090272337850369,1;786092127990247424,1;786093400374272001,1;786094808888643584,1;786101314094858240,1;786103797353443328,1;786104803885735936,1;786104929890992128,1;786110320746070016,1;786112415259828226,1;786115429462925312,1;786120676734304257,1;786120755767496705,1;786121778984738817,1;786122533737205760,1;786123482316759040,1;786128499207655424,1;786132965915058176,1;786144891869007872,1;786145393897828352,1;786146661185708032,1;786147580799488000,1;786149042162020352,1;786149049690914816,1;786149085304598528,1;786149126094270464,1;786149273813393408,1;786149416478572544,1;786149442823065600,1;786149843144155136,1;786150012954697728,1;786150180697636864,1;786150260355829760,1;786151246206042112,1;786151844125040640,1;786151876161048577,1;786151928837316608,1;786151972831432704,1;786153151619559424,1;786153949443350528,1;786156110042370048,1;786157320602517504,1;786157619836809216,1;786159010374381568,1;786159495131107328,1;786159619403943936,1;786160380863188992,1;786166476424130563,1;786166560347987968,1;786167266979090432,1;786167375343169540,1;786167818723164160,1;786168069592801280,1;786170824503889921,1;786171266793340928,1;786171925932441600,1;786172104639033345,1;786172363196870656,1;786172646077726721,1;786173033123876864,1;786174734576807936,1;786175613602115584,1;786179037953724421,1;786181705287798784,1;786181850326769664,1;786181985395879936,1;786183860996349952,1;786184392045498368,1;786184536564625408,1;786186360877187072,1;786187652022333440,1;786187665376964608,1;786188245344350208,3;786189910927609856,1;786190669412982784,1;786192067043135488,1;786192105978953728,1;786192250384556032,1;786198065933717504,1;786198508567015428,1;786200352743825412,1;786202182022463489,1;786202230403715072,1;786203062910189568,1;786203702910554112,1;786204069329186816,1;786204129890824192,1;786205116869275648,1;786206225549656064,1;786211976024363008,1;786212555593252865,1;786213230909726720,1;786213331476635648,1
run; 786204681760636932,1
ryan; 786207639604752384,1;786210879691821056,1;786212902285873152,1;786212906618675200,1;786212908568940545,1;786212913295921152,1;786213641578160129,1;786213641603338240,1
sach; 786075184784666625,1
said; 786160750834360321,1;786174208812326912,2
sake; 786184392045498368,1
same,; 786201997405933568,1
san; 786083529566355456,1;786115429462925312,1;786120676734304257,1;786159619403943936,1;786174441612947456,1
sant; 786155607543853057,1
santurtz; 786134202001620992,1
saturday,; 786195968689512448,1
saw; 786071424570159104,1
say; 786131811600510980,1;786167818723164160,1
scar; 786071835645448193,1
schedule; 786118994055004160,1
scheduled; 786212456477491200,1
scor; 786076253489094656,1;786076255590440960,1;786076261126901761,1;786087405124288512,1;786093400374272001,1;786141445413494784,1;786191016349007872,1;786198065933717504,1
scout; 786089706186498048,1;786167225036185600,1
sea; 786208192674037760,1
seahawk; 786075786587545600,1
season; 786087405124288512,1;786162080877518848,1;786171201437573120,1
seat; 786176358401597440,1
sec; 786202230403715072,1
second; 786198065933717504,1
see; 786081637226450946,1
seen; 786172104639033345,1;786172363196870656,1
seneg; 786157967427117056,1;786159495131107328,1
sens; 786167225036185600,1
ser; 786207639604752384,1;786210879691821056,1;786212902285873152,1;786212906618675200,1;786212908568940545,1;786212913295921152,1;786213558321164288,1;786213641578160129,1;786213641603338240,1
sery; 786126769736802304,1;786132965915058176,1;786157733711970306,1;786177319429742592,1;786189975939416064,1
set; 786174906417475584,1;786184392045498368,1
settl; 786191016349007872,1
sh; 786107011129901057,1
shak; 786127017196589057,1
shar; 786185702140616704,1
shirt; 786082071341047808,1;786120755767496705,1;786135019563737088,1
shit; 786073475274436608,1;786118994055004160,1
shot; 786146976983158784,1;786169578997022720,1;786194868339142656,1
show; 786115255093096448,1;786119039948959744,1
showdown; 786206465526755330,1
sid; 786082871870103553,1;786084248356790272,1
sign; 786088625947734017,1;786104803885735936,1
sil; 786071424570159104,1
silv; 786095916856008704,1
sist; 786201997405933568,1
six; 786119039948959744,1
siz; 786211818553212928,1
snail; 786194868339142656,1;786194937368944640,1;786201325600120832,1;786201531712475136,1;786208192674037760,1
sniff; 786192105978953728,1
soap; 786095442182475776,1
soc; 786183860996349952,1
socc; 786078252024594432,1;786079415038046208,1;786096618999312384,1;786178846022172673,1;786212456477491200,1
soccer/futbol; 786204069329186816,1
soft; 786210775329300481,1
softbal; 786077468297920513,1
sol; 786095916856008704,1;786096618999312384,1
somehow; 786070405555642368,1
someon; 786174906417475584,1
someth; 786081604175355908,1
soon; 786112415259828226,1;786201997405933568,1
sorry; 786092138459193344,1
sou; 786129334264356865,1;786135019563737088,1
sought; 786186360877187072,1
sound; 786210098456649728,1
spac; 786095916856008704,1
sport; 786077468297920513,1;786116213084741632,1;786144838626324481,1;786159010374381568,1;786188635930406912,1;786188717778022400,1;786189048125599744,1;786189662696026113,1;786190814015844352,1;786191016349007872,1;786191393140113408,1;786212007150247936,1
sporting,; 786190653084561409,1
sportsm; 786177319429742592,1
stak; 786134377407414272,2
star; 786112742650503168,1;786187311025426432,1;786189910927609856,1;786190653084561409,1
start; 786087432794112000,1;786156713045008384,1;786162257067700224,1;786178302281076736,1;786179037953724421,1
stat; 786119039948959744,1;786134377407414272,1;786206465526755330,1
stay; 786118994055004160,1;786131811600510980,1
steel; 786075786587545600,1
sterl; 786138090092068864,1
stev; 786101358319599616,1;786207223454179328,1
stil; 786075184784666625,1;786081637226450946,1;786087405124288512,1;786204996090101764,1
stop; 786090272337850369,1;786157967427117056,1;786159495131107328,1
story; 786077468297920513,1;786179571456569344,1
stream,; 786093566200348673,1
strictly; 786083174136836096,1
striker; 786186047344431105,1
struggling; 786087405124288512,1
stuff; 786071424570159104,1
stun; 786146976983158784,1
sturridg; 786186047344431105,1
styl; 786162073365573632,1;786186047344431105,1;786187311025426432,1;786189910927609856,1
suarez; 786199900295950336,1;786202182022463489,1;786203702910554112,1;786211976024363008,1
suarez,; 786129334264356865,1
success; 786138263459274752,1
sud; 786135019563737088,1
sum; 786083174136836096,1
sunderland; 786135583257231360,1
sunset; 786082871870103553,1;786084248356790272,1
sunshin; 786096618999312384,1
sup; 786101314094858240,1
superb; 786083529566355456,1;786115429462925312,1;786120676734304257,1;786159619403943936,1;786205116869275648,1
suppos; 786204681760636932,1
sur; 786088045699293184,1
suspect; 786090272337850369,1
swan; 786210098456649728,1
swe; 786086675139231745,1
sweet,; 786156762189537280,1
tackl; 786138263459274752,1
tak; 786141635985813504,1;786178302281076736,1;786185935931240448,1
tal; 786071438843375617,1;786074025537769473,1;786075964170182656,1;786092127990247424,1;786103797353443328,1;786112742650503168,1;786173033123876864,1;786175613602115584,1
talde; 786134202001620992,1
talk; 786159010374381568,1;786188635930406912,1;786188717778022400,1;786189048125599744,1;786189662696026113,1;786191393140113408,1;786201997405933568,1
tammy; 786177155675881472,1
target; 786162080877518848,1
taro; 786184392045498368,1
te; 786159392211152896,1
team; 786109699028647936,1;786157967427117056,1;786159495131107328,1;786186047344431105,1;786190446590648320,1
teem; 786082464095764480,1;786211818553212928,1
teen; 786082464095764480,1
telef; 786204129890824192,1
televis; 786111538692251649,1
term; 786191699395616768,1
thank; 786118387680378880,1;786151519120941056,1;786159052086706176,1;786159392211152896,1;786172363196870656,1
thanx,; 786109549224787968,1
thi; 786174441612947456,1
thought; 786107011129901057,1
thu; 786212456477491200,1
tie; 786127017196589057,1
tim; 786092823363878912,1;786118387680378880,1;786167818723164160,1
tobbaco,; 786109549224787968,1
today; 786112415259828226,1;786151095680675841,1;786155412756324352,1;786171266793340928,1;786178846022172673,1;786204969837789184,1
tomorrow; 786077468297920513,1;786092209770823680,1;786212456477491200,1
tonight; 786083904251916290,1;786177127355916288,1;786206225549656064,1
tony; 786204996090101764,1
took; 786086675139231745,1
top; 786158751514583041,1;786187665376964608,1;786198065933717504,1
tot; 786118994055004160,1;786192250384556032,1
tough; 786187311025426432,1;786189910927609856,1
train; 786183860996349952,1
tramp; 786192067043135488,1
transl; 786096618999312384,2;786141445413494784,1
transpond; 786194868339142656,1;786194937368944640,1;786201325600120832,1;786201531712475136,1;786208192674037760,1
trinec; 786192359923052544,1;786203062910189568,1
triunfo; 786189975939416064,1
try; 786073929844682752,1
tryout; 786171201437573120,1
tsar; 786178302281076736,1
tur; 786146976983158784,1
turkey; 786121778984738817,1
turn; 786107011129901057,1
twenties,; 786205455630659584,1
twenty; 786070405555642368,1
twilight; 786082871870103553,1;786084248356790272,1
twin; 786141635985813504,1
twit; 786087432794112000,1
two; 786168069592801280,1;786201997405933568,1
typ; 786165137359142912,1;786210098456649728,1
u; 786073929844682752,1;786081604175355908,1;786109699028647936,1;786206465526755330,1
u17; 786210649584050176,1
uk; 786121778984738817,1;786210775329300481,1
unbeliev; 786204996090101764,1;786205116869275648,1
uncontrol; 786110320746070016,1
understand; 786204681760636932,1
unit; 786087432794112000,1;786090404580122624,1;786102748777422848,1;786149654429831169,1;786198065933717504,1;786203394553683968,1;786204996090101764,1
upd; 786212456477491200,1
ur; 786138263459274752,1;786141635985813504,1
us; 786075184784666625,1;786141635985813504,1;786159010374381568,1;786167818723164160,1;786189662696026113,1;786190446590648320,1;786190669412982784,1;786191016349007872,1
util; 786186047344431105,1
v; 786134202001620992,1
var; 786205455630659584,1;786212456477491200,1
vars; 786151095680675841,1;786171266793340928,1
via; 786149480001404928,1;786179571456569344,1;786187311025426432,1;786189910927609856,1;786212132899749888,1
victim; 786192067043135488,1
vid; 786116213084741632,1;786141445413494784,1
video; 786166560347987968,1;786172363196870656,1;786208597751504896,1
vik; 786075786587545600,1
vill; 786101358319599616,1;786112415259828226,1;786191699395616768,1
vin; 786088090456784896,1;786088602530971648,1;786092823363878912,1;786101397779537920,1;786107011129901057,1;786147580799488000,1;786172363196870656,1
virgin; 786104803885735936,1
volley; 786146976983158784,1
volleybal; 786077468297920513,1;786155412756324352,1
vs; 786075184784666625,1;786076255590440960,1;786076261126901761,1;786083529566355456,1;786090404580122624,1;786093566200348673,1;786115429462925312,1;786120676734304257,1;786149654429831169,1;786154688320303104,1;786159619403943936,1;786172399855267840,1;786186360877187072,1;786191016349007872,1;786203394553683968,1;786206465526755330,1;786212456477491200,1
wann; 786123482316759040,1
want; 786110320746070016,1;786141635985813504,1;786190814015844352,1
watch; 786076253489094656,1;786076255590440960,1;786076261126901761,1;786093566200348673,1;786116213084741632,1;786118994055004160,1;786141445413494784,1;786185702140616704,1;786190653084561409,1;786191016349007872,1;786202230403715072,1
wc; 786120755767496705,1;786186047344431105,1
wcqs; 786129334264356865,1
weak; 786101397779537920,1;786169578997022720,1
week; 786118994055004160,1
weeny; 786094808888643584,1
wel; 786073929844682752,1;786186047344431105,1
welcom; 786109699028647936,1
whol; 786081604175355908,1
whoop; 786192067043135488,1
win; 786109549224787968,1;786116213084741632,1;786123482316759040,1;786178159330721793,1;786191699395616768,1
wing; 786110320746070016,1
winklevoss; 786141635985813504,1
wint; 786201325600120832,1
winter,; 786192105978953728,1
wish; 786156762189537280,1
wit; 786172827690999808,1
without; 786119039948959744,1;786181658286419969,1;786181850326769664,1;786181985395879936,1;786187652022333440,1;786212555593252865,1;786213331476635648,1
wont; 786187311025426432,1;786189910927609856,1
woooorllld; 786174441612947456,1
world; 786076253489094656,1;786083174136836096,1;786116213084741632,1;786156713045008384,1;786202230403715072,1
worn; 786082071341047808,1
would; 786097475560017920,1
x; 786210775329300481,1
ya; 786167063983300608,1;786201997405933568,1
yeah; 786138263459274752,1
year; 786093400374272001,1;786147580799488000,1;786167225036185600,1;786191699395616768,1;786205455630659584,1
yeboah; 786204996090101764,1
yesterday; 786178846022172673,1
yet; 786087405124288512,1;786191699395616768,1
yg; 786172104639033345,1
you; 786078252024594432,1;786079415038046208,1;786158751514583041,1;786187665376964608,1
you,; 786172363196870656,1
young; 786104803885735936,1
youngst; 786162073365573632,1
yup; 786097475560017920,1
zealand; 786075184784666625,1;786083904251916290,1;786191016349007872,1
|; 786087763984674816,3;786092823363878912,2;786101397779537920,2;786110320746070016,1;786122533737205760,3;786171201437573120,1;786183860996349952,1;786192225109671937,1;786208257660583936,1
