User;UserID;TweetId;LABEL;Is this a RT?;Is there an URL?;Has it been RT?;Has it been replied?;is it  a reply?;#ofREPLIES;#ofRT;#ofFollowers;#ofFollowings;#ofStatuses
Mozziebites;194871638;727449104796668000;NR;NO;YES;NO;NO;YES;0;0;26573;5152;1190
cuquita1982;1186077222;727448901754716000;NR;YES;YES;NO;NO;NO;0;0;46904;3160;3432
SheeraPoelman;587427780;727448703062147000;NR;NO;NO;NO;NO;NO;0;0;2308;1200;957
Vishaar;587988447;727445653320786000;NR;NO;YES;NO;NO;NO;0;0;2939;128;587
itsleandraa;3362867932;727444506199597000;R;YES;NO;NO;NO;NO;0;0;4098;330;198
chatVsheil;436607416;727439505372881000;R;NO;YES;NO;NO;NO;0;0;1928;113;66
TheHealthZoneNg;3081513976;727437695136485000;R;NO;YES;NO;NO;NO;0;0;1090;126;142
Kenzibit;338935434;727431356804960000;NR;YES;YES;NO;NO;NO;0;0;35259;1461;1142
ChrisSaldana;74753973;727430894852563000;R;NO;NO;NO;NO;NO;0;0;21039;8128;3185
Finnpal;254470222;727430672093200000;NR;NO;YES;NO;NO;NO;0;0;1112;52;82
Naid_28;2652662833;727430209553744000;NR;YES;YES;NO;NO;NO;0;0;11746;195;222
tweet4anonymous;2201385836;727430035200705000;NR;YES;YES;NO;NO;NO;0;0;20681;1156;1012
BenthamScienceP;1091547702;727425977358401000;NR;NO;YES;YES;NO;NO;0;1;2638;455;769
srritchotte;709736512041017000;727425512549667000;R;NO;YES;NO;NO;NO;0;0;147;237;76
kilif1;1259043764;727423804687946000;NR;YES;YES;NO;NO;NO;0;0;23809;1438;1330
Time4TruthNews;1087353870;727422598712271000;NR;NO;YES;YES;NO;NO;0;2;15775;2320;863
Acedotor;59833562;727418537288032000;NR;NO;YES;YES;NO;NO;0;1;77211;12701;13386
MRVfromOU;281283846;727417477257388000;R;NO;NO;NO;NO;NO;0;0;5976;207;186
hellunatic;2936076447;727417201578381000;R;YES;NO;NO;NO;NO;0;0;37976;867;307
BrennenCWeasley;724643792;727409634273845000;R;YES;NO;NO;NO;NO;0;0;92363;4488;1112
marshgroup;2574448909;727409203824972000;NR;YES;YES;NO;NO;NO;0;0;6629;1028;1557
didaznan;2263174137;727407437943198000;R;YES;NO;NO;NO;NO;0;0;15222;255;98
viroscape;2549947105;727407149618487000;NR;NO;YES;YES;NO;NO;0;1;349;320;107
MarionKoopmans;330164748;727405015661425000;R;YES;YES;NO;NO;NO;0;0;4096;2431;519
EVAg_EU;4066996654;727403945015005000;R;NO;YES;YES;NO;NO;0;1;92;239;806
Mxnahhh;2251514347;727401362179289000;R;YES;NO;NO;NO;NO;0;0;13017;1856;1073
_ainnadzirah_;2949282368;727400803456025000;R;YES;NO;NO;NO;NO;0;0;27499;503;436
JerryT88;72137855;727399772265566000;R;YES;NO;NO;NO;NO;0;0;647;58;61
NHAlia_MAsri;1018766924;727394668359602000;R;YES;NO;NO;NO;NO;0;0;7801;306;256
mcarynews;27687074;727393135672853000;R;NO;YES;NO;NO;NO;0;0;7452;1996;2825
abdulmuiz488;3035857249;727388789904011000;R;YES;NO;NO;NO;NO;0;0;3537;140;183
_BOOBY_;833425087;727388247744086000;R;YES;NO;NO;NO;NO;0;0;82792;3025;2090
ejnussy;62157738;727380872832274000;R;NO;YES;NO;NO;NO;0;0;376;60;109
AcurusSolutions;3039638047;727377037195760000;NR;YES;YES;NO;NO;NO;0;0;5874;137;93
zakira_iman;954994284;727372073710973000;NR;YES;NO;NO;NO;NO;0;0;39125;686;598
MAinuddin98;286032387;727371271718072000;R;YES;NO;NO;NO;NO;0;0;5140;240;249
AbadiDolat;4847563582;727369729187430000;NR;YES;YES;NO;NO;NO;0;0;13570;197;1169
KinolaiHealth;3041054075;727363222731297000;R;NO;YES;NO;NO;NO;0;0;20356;5295;5572
plik928;99366036;727361393238794000;R;NO;NO;NO;NO;NO;0;0;2607;315;2446
F41Z_98;1119108026;727360837187305000;R;YES;NO;NO;NO;NO;0;0;11761;183;85
MentorHealth1;971679452;727359970870612000;R;NO;NO;NO;NO;NO;0;0;6594;1054;980
ZikaVirusNews;4579860622;727356987718017000;NR;NO;YES;NO;NO;NO;0;0;1791;23;0
zikavirusmap;4863999994;727354454786331000;R;NO;YES;NO;NO;NO;0;0;5028;555;4982
_nashikin;1012409610;727352219297665000;R;YES;NO;NO;NO;NO;0;0;47822;402;310
AnthonyVicReyes;2349051745;727349316638003000;NR;YES;YES;NO;NO;NO;0;0;951;96;371
schwingcat;74644440;727347771091521000;R;YES;YES;NO;NO;NO;0;0;121670;4053;4362
aliciamonique;24855545;727342300142039000;R;NO;NO;NO;NO;NO;0;0;80;62;98
ZikaVirusNews;4579860622;727340628955124000;R;NO;YES;NO;NO;NO;0;0;1791;23;0
CynthiaSheepy;32902277;727339643738313000;R;YES;NO;NO;NO;NO;0;0;18413;1385;1169
anthroetc;47414032;727339535323951000;NR;YES;YES;NO;NO;NO;0;0;10560;1258;1468
NJTVNews;35778956;727339425999385000;NR;NO;YES;NO;NO;NO;0;0;36034;21491;1261
ken_crichlow;1163887880;727338876516315000;NR;YES;YES;NO;NO;NO;0;0;72237;1925;4434
heruykiros;413068318;727338494012580000;NR;NO;YES;NO;NO;NO;0;0;1112;124;277
MackayIM;1352962327;727337048193962000;NR;YES;YES;NO;NO;NO;0;0;50076;7294;1963
CedricFeschotte;2826832092;727336597553729000;NR;YES;YES;NO;NO;NO;0;0;3787;884;408
HMConsultants;1681891254;727333993553744000;NR;YES;YES;NO;NO;NO;0;0;13191;238;102
___zulaikhaaa;2628326395;727333704922595000;R;YES;NO;NO;NO;NO;0;0;39092;284;200
mdjs__;399146314;727333353171485000;R;YES;NO;NO;NO;NO;0;0;12972;420;464
karenleightv;1445160164;727332633949135000;R;NO;NO;NO;NO;NO;0;0;2295;1922;834
Anna_Misss;1702576202;727332562046054000;R;YES;NO;NO;NO;NO;0;0;4214;151;154
Stef_TWCNews;270651017;727331894514192000;NR;NO;YES;NO;NO;NO;0;0;954;559;411
ohimdany;702122395;727331152122380000;R;YES;NO;NO;NO;NO;0;0;4547;235;314
KinolaiHealth;3041054075;727330987386917000;NR;NO;YES;NO;NO;NO;0;0;20356;5295;5572
babyaikse;84240615;727330967958880000;R;YES;NO;NO;NO;NO;0;0;19794;508;797
PaigieyPie;1436532092;727330643642823000;R;YES;NO;NO;NO;NO;0;0;1296;92;170
YoungRaheem;2988820211;727330349374693000;R;YES;NO;NO;NO;NO;0;0;1010;401;540
vjseymour;608694463;727330057551639000;R;YES;NO;NO;NO;NO;0;0;29387;401;1135
yolettegarcia;20711572;727329976102490000;R;YES;NO;NO;NO;NO;0;0;1508;287;393
DelfiDori;2571435070;727329862239789000;R;YES;NO;NO;NO;NO;0;0;2716;185;249
t1v1018;1869172716;727329806002610000;R;YES;NO;NO;NO;NO;0;0;106872;661;502
BarneyOfficial2;3284306234;727329701501379000;R;YES;NO;NO;NO;NO;0;0;3052;370;369
sarawoods__;1452509083;727329643880042000;R;YES;NO;NO;NO;NO;0;0;9568;617;421
_AStoryUntold;2894720679;727329621889417000;R;YES;NO;NO;NO;NO;0;0;2852;94;113
Moezone1978;119220061;727329537835545000;R;YES;NO;NO;NO;NO;0;0;668;76;304
djrstorm;485333601;727329482290295000;R;YES;NO;NO;NO;NO;0;0;24202;7984;1767
tiashsaha07;707058902609695000;727329417291162000;NR;YES;YES;NO;NO;NO;0;0;129;45;67
kenzgrondahl;59522206;727329388790952000;NR;YES;YES;NO;NO;NO;0;0;8228;285;524
kaizen985;2908014509;727329081088467000;R;YES;NO;NO;NO;NO;0;0;11480;453;912
RecrtManager;3044896222;727327835556303000;NR;NO;YES;NO;NO;NO;0;0;21017;103;8
TWCNewsAustin;16318652;727326100829798000;NR;NO;YES;NO;NO;NO;0;0;55936;46626;8430
c_w_henderson;64579391;727325843639267000;R;YES;NO;NO;NO;NO;0;0;41;19;102
santhidemo;33409488;727323698705908000;R;NO;NO;NO;NO;NO;0;0;8649;220;205
Nutri_Claudine;465514030;727321474080641000;R;NO;NO;NO;NO;YES;0;0;5686;1008;2080
ReedSchafer;15191701;727321205783450000;NR;NO;NO;NO;YES;NO;1;0;389;71;237
sciencedude340;2443828560;727320280205529000;R;NO;NO;NO;NO;NO;0;0;146;103;213
itsWanda;483223;727319939007308000;R;YES;YES;NO;NO;NO;0;0;314041;4513;3360
mommadona;16190045;727319448185528000;R;NO;YES;YES;NO;NO;0;1;362107;4727;2678
bettycjung;118788479;727319404514542000;R;NO;YES;NO;NO;NO;0;0;40575;343;88
bidprime;18322517;727319327892976000;NR;NO;YES;NO;NO;NO;0;0;2153;1533;551
akimparabi;444424199;727319234980631000;R;YES;NO;NO;NO;NO;0;0;6097;277;449
bettycjung;118788479;727318826484961000;R;NO;YES;NO;NO;NO;0;0;40575;343;88
1rgoldy;2699118649;727318825448968000;R;YES;NO;NO;NO;NO;0;0;9484;125;191
bettycjung;118788479;727317058686488000;R;NO;YES;NO;NO;NO;0;0;40575;343;88
FoxxMediaGroup;561547819;727316420292301000;R;NO;NO;NO;NO;YES;0;0;4840;475;1233
KinolaiHealth;3041054075;727315266946757000;R;NO;YES;NO;NO;NO;0;0;20356;5295;5572
KinolaiHealth;3041054075;727315264765731000;R;NO;YES;NO;NO;NO;0;0;20356;5295;5572
KinolaiHealth;3041054075;727315263830430000;R;NO;YES;NO;NO;NO;0;0;20356;5295;5572
KinolaiHealth;3041054075;727315262404481000;R;NO;YES;NO;NO;NO;0;0;20356;5295;5572
vanirang;15162857;727314618419302000;R;YES;YES;NO;NO;NO;0;0;208;125;198
BugDoc100;1162729128;727313604928659000;R;NO;YES;NO;NO;NO;0;0;36;16;115
EMompremier;392002981;727313423894204000;NR;YES;YES;NO;NO;NO;0;0;1677;32;122
craig1438;2436153020;727312117733450000;NR;YES;YES;NO;NO;NO;0;0;2579;672;4357
jmmatinezplaza;560064851;727311395566543000;NR;NO;YES;NO;NO;NO;0;0;1610;231;302
HeyAyeHay;723899029654921000;727310257613992000;NR;YES;YES;NO;NO;NO;0;0;301;16;68
ZikaVirusNews;4579860622;727308648905462000;R;NO;YES;NO;NO;NO;0;0;1791;23;0
msincan;18270526;727307669929865000;NR;YES;YES;NO;NO;NO;0;0;89;37;183
MaiBo97;236811426;727305815401460000;R;YES;NO;NO;NO;NO;0;0;4696;146;123
frostxsun;4719078579;727305206782919000;NR;NO;YES;NO;NO;NO;0;0;225;154;257
SutherlandJames;308461897;727303679745876000;NR;YES;YES;NO;NO;NO;0;0;1448;60;219
tdayres;50555313;727303451395416000;NR;YES;YES;NO;NO;NO;0;0;2405;65;90
MaureenSRN;488519273;727297759271858000;NR;YES;YES;NO;NO;NO;0;0;47307;9186;10104
HotpageNews;1011339350;727297745858531000;NR;NO;YES;NO;NO;NO;0;0;74096;231;346
BeginwiththeEnd;617259297;727297684323754000;NR;YES;YES;NO;NO;NO;0;0;1314;44;130
Iputheassincass;29529519;727297529138672000;NR;YES;YES;NO;NO;NO;0;0;519;89;220
aurorasdawny1;2266240194;727297399971000000;NR;YES;YES;NO;NO;NO;0;0;1107;58;107
DYBuddhaPest;203382246;727297207939006000;R;YES;NO;NO;NO;NO;0;0;123;6;38
MikeHirsch;21599478;727296901981344000;R;YES;YES;NO;NO;NO;0;0;3556;924;411
neil_bodie;2910149688;727296814886453000;NR;YES;YES;NO;NO;NO;0;0;24139;6133;5902
cc_sweetcakes;2465508757;727296224295002000;NR;YES;YES;NO;NO;NO;0;0;2785;60;97
YahJoy2;1979199212;727295715035107000;NR;YES;YES;NO;NO;NO;0;0;2650;511;2497
MooreCharlotteG;520983561;727295168194302000;NR;YES;YES;NO;NO;NO;0;0;2313;424;1309
CarlaCaruso_CPS;2338332789;727295036107403000;NR;YES;YES;NO;NO;NO;0;0;29768;1914;2467
mauritaniafrica;197944710;727294428591866000;NR;NO;YES;NO;NO;NO;0;0;443569;7526;7955
ClevelandClinic;24236494;727294127298113000;NR;NO;YES;YES;NO;NO;0;15;30892;556487;939
Greenflow;20611322;727293641958400000;NR;NO;YES;YES;NO;NO;0;1;4233;937;865
fezziwig2008;376154503;727293586950263000;R;NO;NO;NO;NO;YES;0;0;26282;1070;87
white_feminist;178790927;727292783740899000;R;NO;NO;NO;NO;YES;0;0;27182;791;489
naturalmyztik;247876926;727292609920700000;NR;NO;YES;NO;NO;NO;0;0;3926;82;93
JASON_KLEIN;16676746;727290834765246000;R;NO;NO;NO;NO;NO;0;0;797;60;138
malbertnews;36246939;727290610185593000;NR;NO;YES;NO;NO;NO;0;0;20750;3033;84
Incredinfant;447356419;727289077817594000;R;NO;YES;NO;NO;NO;0;0;3061;4171;339
white_feminist;178790927;727288302320001000;R;NO;NO;NO;NO;YES;0;0;27182;791;489
robinsnewswire;40173650;727287503686898000;R;NO;YES;NO;NO;NO;0;0;970127;23130;18954
haley_wilsonn;1015985910;727286351935226000;R;YES;NO;NO;NO;NO;0;0;1028;201;171
mikewaltercctv;1710430632;727284876731376000;R;NO;NO;NO;NO;NO;0;0;1016;1273;197
KinolaiHealth;3041054075;727282908998697000;NR;NO;YES;NO;NO;NO;0;0;20356;5295;5572
KinolaiHealth;3041054075;727282907874620000;NR;NO;YES;NO;NO;NO;0;0;20356;5295;5572
R_J_Hayes;3041054075;727282906545037000;NR;NO;YES;NO;NO;NO;0;0;20356;5295;5572
KinolaiHealth;3041054075;727282905542599000;R;NO;YES;NO;NO;NO;0;0;20356;5295;5572
KinolaiHealth;3041054075;727282904175247000;NR;NO;YES;NO;NO;NO;0;0;20356;5295;5572
Allreptiles200;2812038732;727282116254298000;R;YES;NO;NO;NO;NO;0;0;3722;231;339
natures_enzymes;715261746429239000;727281945391063000;R;NO;YES;NO;NO;YES;0;0;260;1477;3956
realgerm75;215452833;727279771361530000;R;YES;NO;NO;NO;NO;0;0;37988;557;617
shagbert71;175149788;727279646266397000;R;YES;NO;NO;NO;NO;0;0;462;214;722
mcall;15431914;727279433623675000;R;NO;YES;YES;NO;NO;0;1;59853;46801;4706
MollyGarrity;518170154;727279360059838000;R;YES;NO;NO;NO;NO;0;0;15036;3222;4181
BillBishopKHOU;19720364;727279190471533000;R;YES;NO;NO;NO;NO;0;0;37392;6395;1501
DShengjuler;3310961033;727279177800405000;R;YES;NO;NO;NO;NO;0;0;214;75;158
F1LTHYBVBE;565032824;727278969637073000;R;YES;NO;NO;NO;NO;0;0;38100;1274;685
RegReader;798925214;727278752967758000;NR;YES;YES;NO;NO;NO;0;0;28547;415;713
IamSMuRFE;1699894262;727278702770397000;R;NO;NO;NO;NO;NO;0;0;17;104;90
wfaachannel8;15694286;727278687993864000;R;YES;NO;NO;NO;NO;0;0;115014;251868;3805
DavidSchechter;22645913;727278078142067000;R;NO;NO;YES;NO;NO;0;9;6266;8911;2744
ZikaVirusNews;4579860622;727276429642080000;NR;NO;YES;NO;NO;NO;0;0;1791;23;0
ZikaVirusNews;4579860622;727276428710933000;NR;NO;YES;NO;NO;NO;0;0;1791;23;0
ZikaVirusNews;4579860622;727276427536540000;NR;NO;YES;NO;NO;NO;0;0;1791;23;0
MikeHoelscher;18011125;727275604404396000;R;YES;YES;NO;NO;NO;0;0;923;18;64
CharleenDAdams;2350618921;727274510437761000;NR;YES;YES;NO;NO;NO;0;0;1395;3479;810
nauticalbluemma;3296235786;727274462479979000;NR;YES;YES;NO;NO;NO;0;0;1713;479;796
MerckManualPro;459492295;727274249719824000;NR;NO;YES;NO;NO;NO;0;0;3069;16012;924
RealPoxdoc;2471591280;727271818961256000;R;NO;NO;NO;NO;YES;0;0;4152;181;181
BrianRWasik;928196912;727271295327572000;NR;YES;YES;NO;NO;NO;0;0;5854;392;964
PHUpodcast;1360811516;727269807134003000;NR;YES;YES;NO;NO;NO;0;0;1213;489;735
Medgenera;3135967945;727269707577971000;NR;NO;YES;YES;NO;NO;0;1;211;1200;4452
118Element;4333969875;727267907512766000;R;NO;NO;NO;NO;NO;0;0;142;4;43
KinolaiHealth;3041054075;727266514869477000;NR;NO;YES;NO;NO;NO;0;0;20356;5295;5572
_NetCE;1872924967;727264441478337000;NR;NO;YES;NO;NO;NO;0;0;551;443;439
FP3Pinarello;2269033674;727264041488536000;R;YES;NO;NO;NO;NO;0;0;13753;622;637
FansVsSportsnet;713983269893718000;727263621844197000;R;YES;NO;NO;NO;NO;0;0;3346;1009;4734
RaphiNormandy;725741431831302000;727263347129876000;R;YES;NO;NO;NO;NO;0;0;6;2;34
itsblondielocks;228561162;727263344604774000;R;YES;NO;NO;NO;NO;0;0;30137;551;517
aly_aey;3039518697;727263335591211000;R;YES;NO;NO;NO;NO;0;0;12;7;33
MKLangat;186485330;727262850696143000;R;NO;NO;NO;NO;NO;0;0;25651;375;623
sarahajeel;221343694;727261982672446000;R;YES;NO;NO;NO;NO;0;0;49499;377;169
reem_alomari;349362049;727261276624277000;R;YES;NO;NO;NO;NO;0;0;1014;287;74
UCLACWH;1571012275;727260985728201000;NR;NO;YES;NO;NO;NO;0;0;1525;653;654
Ajmillner;501388138;727259009372291000;R;YES;NO;NO;NO;NO;0;0;20900;329;271
sanetv;15768690;727257588979634000;R;NO;YES;NO;NO;NO;0;0;20469;842;982
MrTypeA;91132402;727256141026189000;R;NO;NO;NO;NO;NO;0;0;2325;79;76
NadiaKEYE;361653331;727256036776649000;R;NO;NO;NO;NO;NO;0;0;10252;3699;1445
Peter_S_Becks1;2391758079;727254894776824000;R;NO;YES;NO;NO;NO;0;0;1045381;6409;5520
FirstCandle;17609361;727254857116180000;NR;YES;YES;NO;NO;NO;0;0;3686;2627;2028
FirstCandle;17609361;727254785901121000;NR;YES;YES;NO;NO;NO;0;0;3686;2627;2028
Peter_S_Becks1;2391758079;727254119568839000;R;NO;YES;NO;NO;NO;0;0;1045381;6409;5520
Peter_S_Becks1;2391758079;727250481270145000;R;NO;YES;NO;NO;NO;0;0;1045381;6409;5520
Markpoetker;58492450;727250239879438000;NR;YES;YES;NO;NO;NO;0;0;4201;257;487
KinolaiHealth;3041054075;727250203971998000;R;NO;YES;NO;NO;NO;0;0;20356;5295;5572
KinolaiHealth;3041054075;727250203237962000;R;NO;YES;NO;NO;NO;0;0;20356;5295;5572
KinolaiHealth;3041054075;727250202390712000;R;NO;YES;NO;NO;NO;0;0;20356;5295;5572
KinolaiHealth;3041054075;727250201249899000;R;NO;YES;NO;NO;NO;0;0;20356;5295;5572
KinolaiHealth;3041054075;727250200364896000;R;NO;YES;NO;NO;NO;0;0;20356;5295;5572
Peter_S_Becks1;2391758079;727247833544426000;R;NO;YES;NO;NO;NO;0;0;1045381;6409;5520
MichelsonMedRF;2557286838;727245795913793000;NR;NO;YES;NO;NO;NO;0;0;3506;3658;1541
LionelYEG;2858152724;727245491872784000;R;NO;NO;YES;YES;NO;1;10;13;25;60
khanimambobar;109988022;727245164834611000;NR;YES;YES;NO;NO;NO;0;0;50295;714;1959
Peter_S_Becks1;2391758079;727244434342040000;R;NO;YES;NO;NO;NO;0;0;1045381;6409;5520
LeysWorldAIMS;590794317;727244131639136000;NR;NO;YES;NO;NO;NO;0;0;1586;176;257
ZikaVirusNews;4579860622;727243760900276000;R;NO;YES;NO;NO;NO;0;0;1791;23;0
ZikaVirusNews;4579860622;727243758467584000;R;NO;YES;NO;NO;NO;0;0;1791;23;0
Peter_S_Becks1;2391758079;727243116755997000;R;NO;YES;NO;NO;NO;0;0;1045381;6409;5520
WWNortonLibrary;188830580;727242097804333000;R;YES;YES;NO;NO;NO;0;0;6911;1472;1986
Peter_S_Becks1;2391758079;727241830732055000;R;NO;YES;NO;NO;NO;0;0;1045381;6409;5520
MoCoSentinel;44393729;727241808678367000;NR;NO;YES;YES;NO;NO;0;1;3280;1186;718
Peter_S_Becks1;2391758079;727240712824168000;R;NO;YES;NO;NO;NO;0;0;1045381;6409;5520
WFUNA;34711527;727240014950716000;NR;YES;YES;YES;NO;NO;0;1;8536;10612;664
Peter_S_Becks1;2391758079;727239547298435000;R;NO;YES;NO;NO;NO;0;0;1045381;6409;5520
PrepareDE;173648677;727239346970059000;NR;YES;YES;NO;NO;NO;0;0;5422;361;68
ProsperityRx;2360364763;727238777333117000;NR;NO;YES;NO;NO;NO;0;0;820;18;29
Peter_S_Becks1;2391758079;727238099676324000;R;NO;YES;NO;NO;NO;0;0;1045381;6409;5520
KatieGBurke;165897365;727237677993628000;R;NO;YES;NO;NO;NO;0;0;2636;1454;769
Peter_S_Becks1;2391758079;727237533487223000;R;NO;YES;NO;NO;NO;0;0;1045381;6409;5520
Peter_S_Becks1;2391758079;727236752050668000;R;NO;YES;NO;NO;NO;0;0;1045381;6409;5520
YourAHI_org;39024769;727236356657701000;NR;NO;YES;NO;NO;NO;0;0;18031;3280;2516
revbuzz57;256113015;727236019125285000;R;NO;NO;NO;NO;NO;0;0;24017;454;543
Aikenprep1;3359589026;727235745597923000;NR;YES;YES;NO;NO;NO;0;0;411;73;61
GirlsGlobe;296690561;727235017315864000;NR;NO;YES;NO;NO;NO;0;0;31144;20197;2744
bigcountryhome;18703385;727234770111881000;R;YES;YES;NO;NO;NO;0;0;36674;7528;1996
pablorodas;52119056;727234755104743000;R;NO;YES;NO;NO;NO;0;0;4073;9589;10136
KTABTV;2363765797;727234752604860000;R;NO;YES;NO;NO;NO;0;0;16371;2880;312
KRBCnews;2353865167;727234752592278000;R;NO;YES;YES;NO;NO;0;1;11256;2058;285
KinolaiHealth;3041054075;727233700971172000;R;NO;YES;NO;NO;NO;0;0;20356;5295;5572
KinolaiHealth;3041054075;727233700191048000;R;NO;YES;NO;NO;NO;0;0;20356;5295;5572
KinolaiHealth;3041054075;727233699478037000;NR;NO;YES;NO;NO;NO;0;0;20356;5295;5572
KinolaiHealth;3041054075;727233698181968000;R;NO;YES;NO;NO;NO;0;0;20356;5295;5572
KinolaiHealth;3041054075;727233697305350000;NR;NO;YES;NO;NO;NO;0;0;20356;5295;5572
desifoxx;38036708;727233305653948000;R;NO;NO;NO;NO;YES;0;0;8109;2119;2357
danipagano;54504058;727232839633277000;NR;YES;YES;NO;NO;NO;0;0;1481;180;81
pwghealth;3881421195;727232808284869000;NR;NO;YES;NO;NO;NO;0;0;134;842;37
jyeh29;23205414;727232195098743000;NR;YES;YES;NO;NO;NO;0;0;6356;410;500
SebastjanPirih;9818662;727231841799967000;R;YES;NO;NO;NO;NO;0;0;6825;2026;2124
Kimcassel;27086196;727231180886577000;NR;YES;YES;NO;NO;NO;0;0;678;29;69
TrumpOnAHill;711386385110999000;727229577081266000;R;NO;NO;NO;NO;NO;0;0;2867;174;150
DRXDesign;82457470;727229131033837000;R;YES;NO;NO;NO;NO;0;0;6943;119;356
praprotnix;95265565;727227549055635000;R;NO;NO;YES;NO;NO;0;2;13106;8632;1785
ZikaVirusNews;4579860622;727227225230070000;NR;NO;YES;NO;NO;NO;0;0;1791;23;0
aschirripa63;2460265962;727227163943027000;NR;YES;YES;NO;NO;NO;0;0;663;599;4040
AlejandroRecas;338641905;727226403024961000;NR;YES;YES;NO;NO;NO;0;0;1201;116;289
SteveG717;931602115;727226019451687000;NR;YES;YES;NO;NO;NO;0;0;5961;3156;1600
LarryMcHCSO;318144688;727225879458357000;NR;YES;YES;NO;NO;NO;0;0;16434;4190;2463
skylarw2010;853332218;727224997962351000;R;YES;NO;NO;NO;NO;0;0;11476;944;715
msdsalute;2827724028;727224947098132000;NR;NO;YES;YES;NO;NO;0;2;5889;17508;3623
CareFreeEnzymes;496094537;727224834955071000;R;NO;NO;NO;NO;YES;0;0;436;1478;3818
robinsnewswire;40173650;727224559062143000;R;NO;YES;NO;NO;NO;0;0;970127;23130;18954
JCPHS;285592230;727223231187419000;NR;YES;YES;NO;NO;NO;0;0;3001;181;311
johannawj80;2299848701;727222741632471000;NR;YES;YES;NO;NO;NO;0;0;472;15;51
universe2519;389841834;727222171039232000;NR;YES;YES;NO;NO;NO;0;0;26379;54772;60179
ArkhamIrwin;1408132639;727222117503259000;R;YES;NO;NO;NO;NO;0;0;52938;3778;1465
EnviroEdgeNews;171828737;727220790941352000;NR;NO;YES;NO;NO;NO;0;0;30178;2764;2473
EpiDoctor;332965020;727220673907667000;NR;YES;YES;NO;NO;NO;0;0;5082;1339;129
CallawayMD;109695598;727220137128915000;NR;YES;YES;NO;NO;NO;0;0;1462;84;295
EnviroEdgeNews;171828737;727219896627696000;NR;NO;YES;NO;NO;NO;0;0;30178;2764;2473
HablameLatiNo;463423924;727219892794102000;R;NO;YES;NO;NO;NO;0;0;7756;592;653
MosquitoMikeLLC;4719514574;727219012472443000;NR;NO;YES;NO;NO;NO;0;0;82;92;286
KinolaiHealth;3041054075;727217593157722000;R;NO;YES;NO;NO;NO;0;0;20356;5295;5572
KinolaiHealth;3041054075;727217592281109000;NR;NO;YES;NO;NO;NO;0;0;20356;5295;5572
jnkay;20530177;727217207999107000;NR;YES;YES;NO;NO;NO;0;0;10268;1323;280
mevers90;1702865540;727216765030293000;R;YES;YES;NO;NO;NO;0;0;66699;418;122
newacademic;23620605;727216481767940000;R;YES;YES;NO;NO;NO;0;0;101469;1943;2339
FAScientists;19939139;727216111859569000;R;NO;YES;YES;NO;NO;0;2;6175;11594;284
AmyNdong;3367853963;727214797591351000;NR;YES;YES;NO;NO;NO;0;0;7372;123;134
CAPenniman;2539652617;727214556020396000;NR;YES;YES;NO;NO;NO;0;0;5764;57;210
APHAMensHealth;569273414;727214311605723000;NR;NO;YES;NO;NO;NO;0;0;4546;420;360
roseegmiller;723944377530249000;727214062057087000;NR;YES;YES;NO;NO;NO;0;0;32;12;105
CareFreeEnzymes;496094537;727214014862922000;R;NO;NO;NO;NO;NO;0;0;436;1478;3818
JonathanColeMD;248978152;727213599668605000;NR;NO;YES;NO;NO;NO;0;0;3299;221;149
Tater_Tot71;970963932;727213409251422000;R;YES;NO;NO;NO;NO;0;0;6272;562;660
scuethics;29254967;727213401324307000;R;NO;NO;NO;NO;NO;0;0;6546;2356;2408
SEleopoulos;700860292834718000;727213213083918000;R;YES;YES;NO;NO;NO;0;0;2243;118;292
lundmarija;3066052485;727213205898981000;NR;NO;YES;NO;NO;NO;0;0;29360;539;382
Zika_News;4871353966;727212885462684000;R;NO;YES;YES;NO;NO;0;1;9516;4381;2532
shopperann68;2358490897;727212766193312000;R;YES;NO;NO;NO;NO;0;0;18225;1155;1678
CareFreeEnzymes;496094537;727212362974024000;R;NO;NO;YES;NO;NO;0;1;436;1478;3818
MindOfMo;30833130;727212093288534000;R;NO;NO;NO;NO;NO;0;0;73560;635;19
BetterWorldOrg;59179684;727211799368634000;NR;NO;YES;NO;NO;NO;0;0;9414;6037;2370
NutriGreenTulsa;460721808;727211602517308000;R;NO;YES;NO;NO;NO;0;0;669;121;48
hector007_i;2273110504;727211308949594000;NR;YES;YES;NO;NO;NO;0;0;3820;344;1060
TCPalmEKiller;1154837329;727211053696823000;R;NO;YES;NO;NO;NO;0;0;14871;1825;2024
ClarkeMosquito;222114641;727210717875704000;NR;YES;YES;NO;NO;NO;0;0;377;206;628
CDCemergency;19658936;727210585826427000;NR;YES;YES;NO;NO;NO;0;0;4576;1735994;554
AJTMH;429407896;727210410668089000;NR;NO;YES;NO;NO;NO;0;0;252;431;182
ppacutah;40262504;727207051080917000;NR;YES;YES;NO;NO;NO;0;0;11844;992;1102
TJoanides;346725017;727206461055455000;NR;YES;YES;NO;NO;NO;0;0;5775;470;622
Ennaidcures;1430543228;727206050299007000;NR;NO;YES;NO;NO;NO;0;0;853;241;132
SexyHealthTips;2546920704;727203539689312000;NR;YES;NO;NO;NO;NO;0;0;214529;2585;227
TheGetRidOfCrew;4894134382;727203536371479000;NR;YES;NO;NO;NO;NO;0;0;2046;321;1497
RVAHealthDept;50006410;727202881523294000;NR;NO;NO;YES;NO;NO;0;2;1447;208;171
TrillOG96;1145958295;727202585027826000;R;YES;NO;NO;NO;NO;0;0;21364;340;242
mjacosta67;1567124911;727202057229373000;R;YES;NO;NO;NO;NO;0;0;532;87;217
szlrmigerialamm;243140016;727201497017111000;NR;YES;YES;NO;NO;NO;0;0;13422;84;94
Rki009;438492113;727200940189590000;NR;YES;YES;NO;NO;NO;0;0;12701;864;1793
notagentsmith;250776493;727200806424949000;NR;YES;YES;NO;NO;NO;0;0;70460;816;1355
Chemex_Ind;4753959397;727200804227142000;NR;NO;YES;NO;NO;NO;0;0;1034;10;0
MeredithJaggard;321496936;727200549184102000;R;NO;NO;NO;NO;NO;0;0;4973;653;880
KinolaiHealth;3041054075;727200344376124000;NR;NO;YES;NO;NO;NO;0;0;20356;5295;5572
KinolaiHealth;3041054075;727200341108781000;R;NO;YES;NO;NO;NO;0;0;20356;5295;5572
KinolaiHealth;3041054075;727200340408332000;NR;NO;YES;NO;NO;NO;0;0;20356;5295;5572
KinolaiHealth;3041054075;727200339582013000;R;NO;YES;NO;NO;NO;0;0;20356;5295;5572
forthisItweet;4839340449;727198381345395000;NR;YES;YES;NO;NO;NO;0;0;3226;917;1666
lisafriesem;2407923138;727197713184465000;NR;YES;YES;NO;NO;NO;0;0;1192;309;392
AmyMasturaTahir;1531468903;727197560876606000;R;YES;NO;NO;NO;NO;0;0;8438;669;451
MhdAfiqJasmuri;707121007;727196626016592000;R;YES;NO;NO;NO;NO;0;0;5386;580;266
PPFA;402957663;727196242720092000;NR;NO;YES;YES;NO;NO;0;7;6565;75467;647
almedassoc;2707130960;727196037996286000;NR;NO;YES;NO;NO;NO;0;0;1297;296;230
FleetStClinic;2974935334;727195956706460000;NR;NO;YES;NO;NO;NO;0;0;476;148;323
3DOTNEWS;2385687918;727195260233732000;R;NO;YES;NO;NO;NO;0;0;31900;2798;2809
DnBCanada;2493454278;727194951847653000;NR;NO;YES;NO;NO;NO;0;0;1348;687;562
azannn_;2191482096;727193737659560000;R;YES;NO;NO;NO;NO;0;0;18561;473;360
SunrisePremiere;349180026;727192443007959000;R;NO;YES;NO;NO;NO;0;0;221;182;40
chikavansa;102284189;727192355955048000;R;YES;NO;NO;NO;NO;0;0;15303;427;442
DhakaTribune;756796452;727190940864012000;R;NO;YES;NO;NO;NO;0;0;23977;51075;47
zika_map;726450926383338000;727190413518451000;R;NO;YES;NO;NO;NO;0;0;24;0;0
AnaRodWrites;2754910352;727190387559780000;NR;YES;YES;NO;NO;NO;0;0;1496;174;542
zika_map;726450926383338000;727190383436947000;R;NO;YES;NO;NO;NO;0;0;24;0;0
zika_map;726450926383338000;727190366022160000;R;NO;YES;NO;NO;NO;0;0;24;0;0
zika_map;726450926383338000;727190345025524000;R;NO;YES;NO;NO;NO;0;0;24;0;0
zika_map;726450926383338000;727190319889015000;R;NO;YES;NO;NO;NO;0;0;24;0;0
zika_map;726450926383338000;727190300721074000;R;NO;YES;NO;NO;NO;0;0;24;0;0
Farid_Yazid;346420091;727190058915140000;R;YES;NO;NO;NO;NO;0;0;1628;163;347
Visitkarte;84685398;727189499416072000;R;YES;NO;NO;NO;NO;0;0;191386;2689;2906
serial54;517255949;727189024239055000;R;YES;NO;NO;NO;NO;0;0;86593;1575;1400
mch7576;754135908;727188847029690000;R;YES;NO;NO;NO;NO;0;0;215761;40749;39471
wbruce44;185289508;727187966934675000;NR;YES;YES;NO;NO;NO;0;0;68271;3434;3327
MarcGozlan;2826292747;727186416241926000;NR;NO;YES;NO;NO;NO;0;0;12591;2312;1843
rossyeatyx;1290043248;727186058807382000;R;YES;NO;NO;NO;NO;0;0;50896;652;308
virusesrock;3418312396;727185620515316000;NR;YES;YES;NO;NO;NO;0;0;1997;78;154
hprocak;348221039;727184362362524000;R;YES;NO;NO;NO;NO;0;0;33924;447;216
BCCFP;1636142508;727182269778113000;NR;YES;YES;NO;NO;NO;0;0;886;648;1051
alysaaataufid;523565504;727181885122605000;R;YES;NO;NO;NO;NO;0;0;25341;582;369
FluTrackers;19087092;727181794349597000;R;NO;YES;NO;NO;NO;0;0;75678;5352;398
LafeberVet;485777562;727181259416416000;NR;NO;YES;NO;NO;NO;0;0;5556;935;985
BrookeClarke133;3910932863;727181028431819000;R;YES;NO;NO;NO;NO;0;0;788;68;285
MarcGozlan;2826292747;727181005493248000;NR;NO;YES;NO;NO;NO;0;0;12591;2312;1843
Cyber_Stuff_;272419721;727180978247098000;R;NO;YES;NO;NO;NO;0;0;26139;1150;1079
EhArepp;1030739611;727179159630283000;R;YES;NO;NO;NO;NO;0;0;25366;544;370
CrouseLaw;260779572;727178449916432000;R;NO;YES;NO;NO;NO;0;0;30400;1850;1805
ErfaRauhah;395359246;727178442077147000;R;YES;NO;NO;NO;NO;0;0;12086;540;344
yaro4real;397060637;727178388016890000;R;YES;NO;NO;NO;NO;0;0;2520;228;263
safrayasin;1291945934;727178078074470000;R;YES;NO;NO;NO;NO;0;0;62623;688;195
frnkvdmr;1899091130;727177760783770000;NR;YES;YES;NO;NO;NO;0;0;442;182;414
ZikaVirusNews;4579860622;727177682035712000;R;NO;YES;NO;NO;NO;0;0;1791;23;0
ZikaVirusNews;4579860622;727177680928436000;R;NO;YES;NO;NO;NO;0;0;1791;23;0
ZikaVirusNews;4579860622;727177680219566000;NR;NO;YES;NO;NO;NO;0;0;1791;23;0
larascott55;304054386;727177363939676000;R;YES;NO;NO;NO;NO;0;0;13390;656;748
syafiQah_nasuha;586445703;727177355962130000;R;YES;NO;NO;NO;NO;0;0;44809;557;281
NRabhy;1273076989;727177069688410000;R;YES;NO;NO;NO;NO;0;0;4985;340;485
budu_strawberry;1262469920;727177060557279000;R;YES;NO;NO;NO;NO;0;0;18616;464;444
USGLC;15603311;727177015632249000;NR;NO;YES;NO;NO;NO;0;0;7231;8496;3171
ansar_boy;1338446269;727176768294117000;R;YES;NO;NO;NO;NO;0;0;97;43;249
AfonsoJames17;2778134305;727176568020328000;R;YES;NO;NO;NO;NO;0;0;12568;448;449
sarahadlyna;92969101;727176505680257000;R;YES;NO;NO;NO;NO;0;0;51560;693;486
misssdaaisy;1210231400;727176369080168000;R;YES;NO;NO;NO;NO;0;0;9507;603;638
RY_dinDiiRtY;350127745;727176199970144000;R;YES;NO;NO;NO;NO;0;0;9948;657;686
MattLaTorreProb;620383916;727176087550075000;R;YES;NO;NO;NO;NO;0;0;20299;442;214
tphaswana5;4745059036;727176028788023000;R;YES;NO;NO;NO;NO;0;0;336;140;210
MyRealLiife;1494402199;727175975935594000;R;YES;NO;NO;NO;NO;0;0;10825;189;222
Hard_Slammin;73955202;727175922990875000;R;YES;NO;NO;NO;NO;0;0;51440;832;1419
Kay_luh03;171710908;727175920843248000;R;YES;NO;NO;NO;NO;0;0;18337;620;973
jadelyndseey;185978150;727175836646949000;R;YES;NO;NO;NO;NO;0;0;27445;1321;394
lemke13;299452848;727175735476003000;R;YES;NO;NO;NO;NO;0;0;19909;280;218
zasiasis;2543184462;727175660678959000;R;YES;NO;NO;NO;NO;0;0;29956;382;192
TedioreBKY;798317106;727175631914435000;R;YES;NO;NO;NO;NO;0;0;3529;166;778
Kylecrook_;1053134089;727175624100614000;R;YES;NO;NO;NO;NO;0;0;4008;600;223
littechris;735500888;727175623643378000;R;YES;NO;NO;NO;NO;0;0;19035;419;408
rocknreina;1070844558;727175483985564000;R;YES;NO;NO;NO;NO;0;0;3772;320;621
ArcillaRosalyn;2406946578;727175424850190000;R;YES;NO;NO;NO;NO;0;0;6718;212;269
odhwo;436474347;727175367476150000;R;YES;NO;NO;NO;NO;0;0;53625;439;470
JessiAbattage;331918779;727175355321213000;R;YES;NO;NO;NO;NO;0;0;35293;1136;834
yvvrhunz;2604449780;727175323054314000;R;YES;NO;NO;NO;NO;0;0;10749;197;216
shubhamtiwari4y;389912746;727175309162742000;R;YES;NO;NO;NO;NO;0;0;743;84;216
paulinotom;1302653467;727175306415481000;R;YES;NO;NO;NO;NO;0;0;11598;686;291
caaamieee;1064029381;727175306121880000;R;YES;NO;NO;NO;NO;0;0;5579;380;384
elizaaabeth_xo;375720052;727175247342891000;R;YES;NO;NO;NO;NO;0;0;47912;521;576
MakailaKribs;2535982588;727175237792502000;R;YES;NO;NO;NO;NO;0;0;1275;368;488
odieeeee_;2396052541;727175170385793000;R;YES;NO;NO;NO;NO;0;0;39595;478;356
SyafiqahKodri;434726808;727175156188090000;R;YES;NO;NO;NO;NO;0;0;39969;907;800
sydkat6;1335484093;727175094817030000;R;YES;NO;NO;NO;NO;0;0;14536;865;659
Gabejaelen;781610288;727175092954870000;R;YES;NO;NO;NO;NO;0;0;3395;462;500
rose10052;4221892522;727174956518412000;R;YES;YES;NO;NO;NO;0;0;94483;2374;1069
princessuva;3389116443;727174948465209000;R;YES;NO;NO;NO;NO;0;0;7100;591;477
nasuhasulaiman;103532501;727174897227583000;R;YES;NO;NO;NO;NO;0;0;1909;228;291
zacK_Long9;608061276;727174838331281000;R;YES;NO;NO;NO;NO;0;0;3677;405;618
emmyazhar;952047926;727174829565047000;R;YES;NO;NO;NO;NO;0;0;18383;520;219
RudeDoody;328434145;727174815459717000;R;YES;NO;NO;NO;NO;0;0;35349;1292;1454
DiazSammie;2607523827;727174696115032000;R;YES;NO;NO;NO;NO;0;0;4540;205;239
MaggieBiosource;716403128795410000;727174157796958000;NR;NO;YES;NO;NO;NO;0;0;22;30;28
FalakSaleem159;434807646;727173908185682000;R;YES;YES;NO;NO;NO;0;0;12940;15960;7675
jerriann;15042366;727171015248204000;NR;NO;YES;NO;NO;NO;0;0;9952;2333;2300
ConcentraHealth;88727397;727170883861799000;NR;NO;YES;NO;NO;NO;0;0;3252;1910;839
enkefalon;4514989823;727169577868735000;NR;NO;YES;NO;NO;NO;0;0;3997;267;91
Erst_Officer;2418430788;727169419760288000;R;NO;NO;NO;NO;YES;0;0;18953;731;511
KinolaiHealth;3041054075;727167966127657000;NR;NO;YES;NO;NO;NO;0;0;20356;5295;5572
KinolaiHealth;3041054075;727167965024539000;R;NO;YES;NO;NO;NO;0;0;20356;5295;5572
KinolaiHealth;3041054075;727167964256997000;NR;NO;YES;NO;NO;NO;0;0;20356;5295;5572
KinolaiHealth;3041054075;727167962617025000;NR;NO;YES;NO;NO;NO;0;0;20356;5295;5572
rivcohealthpio;1360027195;727166456115294000;NR;YES;YES;NO;NO;NO;0;0;387;152;363
Aethlon_Medical;2729578734;727165779116847000;NR;NO;YES;NO;NO;NO;0;0;783;1343;440
_SummerStory_;577410689;727165467593314000;R;YES;YES;NO;NO;NO;0;0;28385;1204;2116
Stugotts222;18522077;727165441236439000;R;NO;NO;NO;NO;NO;0;0;439;181;523
SarahLeeAnne;1347622494;727164705974981000;R;NO;YES;NO;NO;NO;0;0;31160;790;1309
my_healthquest;540258509;727163487164744000;NR;NO;YES;NO;NO;NO;0;0;3620;1986;494
SoResearchNews;90743135;727162840587600000;R;NO;NO;NO;NO;NO;0;0;524;840;491
bugpatchamerica;724377015118389000;727161891273871000;NR;YES;YES;NO;NO;NO;0;0;511;39;97
gary_prihar;3318371822;727161721211642000;NR;YES;YES;NO;NO;NO;0;0;1334;277;1048
AngelaRMCrane_;4875008381;727161369074799000;R;YES;YES;NO;NO;NO;0;0;482;45;55
AngelaRMCrane_;4875008381;727161124735607000;NR;YES;YES;NO;NO;NO;0;0;482;45;55
hollywoodjew;82672278;727158945958125000;R;NO;NO;NO;NO;NO;0;0;1779;1379;315
APHealth1;1421187667;727156892951261000;NR;NO;YES;NO;NO;NO;0;0;14213;721;1744
greg_folkers;41626609;727156805323870000;NR;YES;YES;NO;NO;NO;0;0;7916;1815;172
profvrr;14095644;727156403148865000;NR;NO;YES;YES;NO;NO;0;16;6003;9574;324
BurnabyDFP;1738699026;727155802444841000;NR;NO;YES;YES;NO;NO;0;2;3568;499;419
JessicaGG25;458085775;727154796122231000;R;YES;YES;NO;NO;NO;0;0;24416;2051;2033
RonJellison;466910067;727153535268213000;R;YES;NO;NO;NO;NO;0;0;90627;3448;3521
tiniskwerl;2183520866;727153446445453000;R;NO;YES;NO;NO;NO;0;0;309187;1090;185
SoResearchNews;90743135;727153332771545000;R;NO;NO;NO;NO;NO;0;0;524;840;491
WholeLottaJulie;531223735;727152833007505000;NR;NO;YES;NO;NO;NO;0;0;79203;656;796
WelaPMsimanga;1510965468;727152567365558000;R;YES;YES;NO;NO;NO;0;0;107395;1702;3060
FluTrackers;19087092;727152393700430000;R;NO;YES;YES;NO;NO;0;1;75678;5352;398
MMadiiiiii;2374511185;727152186556195000;R;YES;NO;NO;NO;NO;0;0;27826;865;314
bobbycblanchard;403765458;727151956486066000;NR;YES;YES;NO;NO;NO;0;0;30259;4508;937
StupidBoomers;187059363;727151759462797000;R;NO;NO;YES;NO;YES;0;1;98893;12134;13350
BoomMan1976;4878945347;727150613264503000;R;NO;YES;YES;NO;NO;0;1;2294;1385;2833
Teefire_;324512828;727147547182162000;R;YES;NO;NO;NO;NO;0;0;36171;1217;988
HCPHES;143092332;727146294209184000;NR;NO;YES;NO;NO;NO;0;0;7057;877;633
ZikaVirusNews;4579860622;727146272038130000;R;NO;YES;NO;NO;NO;0;0;1791;23;0
Rastridd;707455219702112000;727146149530849000;R;NO;NO;NO;NO;NO;0;0;163;5;10
barnes_weise;707212147240129000;727144782032720000;R;YES;YES;NO;NO;NO;0;0;646;53;42
French_Notes;519427639;727144138232078000;R;NO;YES;NO;NO;NO;0;0;10887;1508;1005
reganholworthy;2955181498;727143964042744000;R;YES;NO;NO;NO;NO;0;0;117;167;1575
stillpirates58;1158208896;727143651147698000;R;YES;NO;NO;NO;NO;0;0;46329;395;506
Irenie_M;190988640;727143074250547000;NR;NO;YES;YES;NO;NO;0;1;74964;9725;7631
brendap1949;4861620111;727142909385003000;R;NO;YES;NO;NO;NO;0;0;1047;242;638
jasonproth;1057852710;727140468388192000;NR;NO;YES;NO;NO;NO;0;0;177;19;72
jjunebrown;232979512;727139987225981000;R;NO;YES;NO;NO;NO;0;0;17542;28791;17232
OkeechobeeLady;547839797;727139855671550000;R;NO;YES;NO;NO;NO;0;0;13180;856;848
jaybrizzy;137251882;727138792826626000;R;YES;NO;NO;NO;NO;0;0;17852;636;808
tiiony;139457954;727138201652044000;R;YES;NO;NO;NO;NO;0;0;26966;901;1386
Merton_G3;246911431;727136946649100000;NR;NO;YES;NO;NO;NO;0;0;42635;1304;2371
raadfadaak;1451383494;727136082039591000;R;YES;YES;NO;NO;NO;0;0;223;72;286
CIDRAP;36406830;727136014049927000;R;YES;YES;NO;NO;NO;0;0;9205;5712;99
KinolaiHealth;3041054075;727135533105697000;R;NO;YES;NO;NO;NO;0;0;20356;5295;5572
KinolaiHealth;3041054075;727135531507667000;NR;NO;YES;NO;NO;NO;0;0;20356;5295;5572
jeromeragay;2305309376;727134363092013000;NR;YES;YES;NO;NO;NO;0;0;752;138;179
djlyles45;2312175253;727133754431394000;R;NO;YES;YES;NO;NO;0;2;21433;1439;1702
carolrclark;16983297;727133312700011000;NR;YES;YES;NO;NO;NO;0;0;5244;1544;1059
AVMosquito;588431356;727131116432282000;R;YES;YES;NO;NO;NO;0;0;5890;358;257
Aranca_BR;4887218932;727130778665103000;R;NO;YES;NO;NO;NO;0;0;204;43;111
Ana_Gocanes;4587161594;727130579964183000;R;YES;YES;NO;NO;NO;0;0;17782;722;608
judithfish;233060965;727130548745855000;NR;YES;YES;NO;NO;NO;0;0;1715;199;551
F_C_J_R;71344581;727128857183134000;NR;NO;YES;NO;NO;NO;0;0;16905;2651;4991
ZikaVirusNews;4579860622;727128571244741000;NR;NO;YES;NO;NO;NO;0;0;1791;23;0
ZikaVirusNews;4579860622;727128570074530000;NR;NO;YES;NO;NO;NO;0;0;1791;23;0
Barbara_Fraser;24312585;727128134290674000;R;NO;YES;NO;NO;NO;0;0;3663;2118;1279
RobertTGarrett;48523902;727127098729484000;NR;NO;YES;YES;NO;NO;0;1;8559;4243;1995
SmarterRegs;2752834070;727125502272610000;NR;NO;YES;NO;NO;NO;0;0;16499;455;699
Gate_15_Analyst;2478688363;727125313122111000;NR;NO;YES;NO;NO;NO;0;0;19035;578;699
F_C_J_R;71344581;727124791161823000;NR;NO;YES;NO;NO;NO;0;0;16905;2651;4991
DianneSteiner;615360297;727124009075249000;R;YES;YES;NO;NO;NO;0;0;39009;601;347
ATLFM1005;739306338;727123576743145000;R;NO;YES;NO;NO;NO;0;0;8061;517;121
Jared_N_Jenkins;3227382396;727123263143481000;R;YES;YES;NO;NO;NO;0;0;16887;278;171
SevenCornersInc;114571212;727122068274307000;R;NO;YES;NO;NO;NO;0;0;2445;1314;2004
CrisesControl;2689824926;727121465091351000;NR;NO;YES;YES;NO;NO;0;1;1067;808;2432
Gate_15_Analyst;2478688363;727121417804767000;NR;NO;YES;NO;NO;NO;0;0;19035;578;699
_mapin_;336949781;727120737144738000;R;YES;NO;NO;NO;NO;0;0;8350;84;96
F_C_J_R;71344581;727120243869540000;NR;NO;YES;NO;NO;NO;0;0;16905;2651;4991
AmirahOna;709211706;727120053108253000;R;YES;NO;NO;NO;NO;0;0;49489;690;568
JaleaAJ;4852055979;727120028756140000;R;YES;NO;NO;NO;NO;0;0;1082;118;621
sunndri;1660846435;727119663298175000;R;YES;NO;NO;NO;NO;0;0;110266;661;60
KinolaiHealth;3041054075;727119179799613000;NR;NO;YES;NO;NO;NO;0;0;20356;5295;5572
KinolaiHealth;3041054075;727119178126127000;NR;NO;YES;NO;NO;NO;0;0;20356;5295;5572
KinolaiHealth;3041054075;727119175840223000;R;NO;YES;NO;NO;NO;0;0;20356;5295;5572
DayshaDeola;2545057094;727118848542003000;R;YES;NO;NO;NO;NO;0;0;941;1253;1295
LynYlngxx;2785777100;727118801796391000;R;YES;NO;NO;NO;NO;0;0;8965;445;348
Re_ElSharkawy;2182207074;727118730354938000;R;YES;NO;NO;NO;NO;0;0;6754;894;391
Gate_15_Analyst;2478688363;727118345682584000;NR;NO;YES;NO;NO;NO;0;0;19035;578;699
SuJu_Myprinces;1338048374;727118092900299000;R;YES;NO;NO;NO;NO;0;0;124479;1005;1210
muktar_shettima;1694585712;727118003251384000;R;YES;NO;NO;NO;NO;0;0;1869;106;81
albersyr1;705129686079283000;727117628217643000;R;YES;NO;NO;NO;NO;0;0;556;85;449
Shinnnnn_;1107144972;727117606855938000;R;YES;NO;NO;NO;NO;0;0;16468;914;666
manji68;181433779;727117545967247000;R;NO;YES;YES;NO;NO;0;1;35278;621;519
ronakparikh83;221695334;727117493123215000;R;YES;NO;NO;NO;NO;0;0;6883;529;374
ashleymcadams14;1578414732;727117455265555000;R;YES;NO;NO;NO;NO;0;0;11544;389;297
pravallikaNb;94702876;727117193268347000;R;YES;NO;NO;NO;NO;0;0;612;140;1976
BettyGibet;4886272079;727116058104984000;R;YES;YES;NO;NO;NO;0;0;8687;187;143
TerryBelveal;3820101447;727115157474840000;R;YES;YES;NO;NO;NO;0;0;1601;245;532
TeratologySoc;1259497074;727114276549349000;NR;YES;YES;NO;NO;NO;0;0;296;61;56
ImLndsay;607967849;727113167021568000;R;YES;NO;NO;NO;NO;0;0;3174;244;96
ZikaVirusNews;4579860622;727112395026391000;R;NO;YES;NO;NO;NO;0;0;1791;23;0
pamtayl;25213883;727111911851069000;R;NO;YES;NO;NO;NO;0;0;122;6;17
KristieCrespo;27934808;727111778035864000;R;NO;YES;NO;NO;NO;0;0;8249;4105;4463
rose10052;4221892522;727111537664659000;R;YES;YES;NO;NO;NO;0;0;94483;2374;1069
AngelesMC_NY;16343276;727111112941036000;R;NO;YES;YES;NO;NO;0;3;2164;384;710
HCSconnect;2161690634;727108093616726000;NR;YES;YES;NO;NO;NO;0;0;495;322;463
loganth64412417;758208708;727107387195273000;R;YES;NO;NO;NO;NO;0;0;580;66;228
DianneSteiner;615360297;727105885894545000;R;YES;YES;NO;NO;NO;0;0;39009;601;347
incognitoUK;143068847;727104510385099000;NR;NO;YES;NO;NO;NO;0;0;17262;7660;2372
DianneSteiner;615360297;727104441405587000;R;YES;YES;NO;NO;NO;0;0;39009;601;347
clbozz;767851026;727104154154324000;R;YES;YES;NO;NO;NO;0;0;22842;476;756
jo_ute;713388865239826000;727103837702607000;NR;YES;YES;NO;NO;NO;0;0;3026;166;1251
drpatfarrell;42660725;727103015442854000;R;NO;YES;NO;NO;NO;0;0;157264;4482;3716
fislambd2014;705372439618847000;727102910677574000;NR;NO;YES;NO;NO;NO;0;0;191;59;93
DianneSteiner;615360297;727102540152750000;R;YES;YES;NO;NO;NO;0;0;39009;601;347
europanewsde;869712480;727101864060277000;NR;YES;YES;NO;NO;NO;0;0;12909;511;583
UNinBrussels;217752780;727101654433145000;NR;NO;YES;YES;NO;NO;0;2;17501;29140;953
jenladkins;860577326;727101394512007000;R;YES;YES;NO;NO;NO;0;0;33558;905;745
RubioVP;3291638513;727098644797743000;R;YES;YES;NO;NO;NO;0;0;14247;1485;1425
gobarefoot_co;3357094154;727097981824987000;R;NO;YES;NO;NO;NO;0;0;1571;142;192
Sunshine4allofu;2357593117;727097977454662000;R;YES;YES;NO;NO;NO;0;0;4106;365;565
OnlyMarco2016;4265920834;727097870793363000;R;NO;YES;YES;NO;NO;0;7;17958;3390;3773
kilif1;1259043764;727097574683980000;R;YES;YES;NO;NO;NO;0;0;23809;1438;1330
tweet4anonymous;2201385836;727096694106640000;R;YES;YES;NO;NO;NO;0;0;20681;1156;1012
rose10052;4221892522;727096399565840000;R;NO;YES;YES;NO;NO;0;1;94483;2374;1069
NBC10_Molly;613414690;727096058342445000;R;NO;YES;NO;NO;NO;0;0;23622;4110;1163
rose10052;4221892522;727095801319703000;R;YES;YES;NO;NO;NO;0;0;94483;2374;1069
sumarie711;14089398;727093700925505000;R;NO;YES;YES;NO;NO;0;3;2425;328;662
HotpageNews;1011339350;727092219509875000;NR;NO;YES;NO;NO;NO;0;0;74096;231;346
Hotpage_News;23954327;727092219430207000;NR;NO;YES;NO;NO;NO;0;0;155383;16189;1206
Time4TruthNews;1087353870;727090413853659000;R;NO;YES;YES;NO;NO;0;2;15775;2320;863
Mozziebites;194871638;727089084506604000;NR;NO;YES;NO;NO;NO;0;0;26573;5152;1190
marciacastrorj;291987232;727088491084026000;R;NO;YES;NO;NO;NO;0;0;140;217;566
Mozziebites;194871638;727087982478401000;NR;NO;YES;NO;NO;NO;0;0;26573;5152;1190
zikavirusupdate;4894286096;727086485594366000;R;NO;YES;NO;NO;NO;0;0;85;8;2
KinolaiHealth;3041054075;727086416618906000;NR;NO;YES;NO;NO;NO;0;0;20356;5295;5572
KinolaiHealth;3041054075;727086415012487000;R;NO;YES;NO;NO;NO;0;0;20356;5295;5572
bijaysamuel;2412342974;727084057096389000;NR;YES;YES;NO;NO;NO;0;0;30270;294;209
cleaningtipsusa;717608878028956000;727083603499184000;R;NO;YES;NO;NO;NO;0;0;33;21;21
aunidan64;27463813;727083289194975000;R;NO;NO;NO;NO;NO;0;0;63700;23037;22950
GlobalHealthEdi;84545800;727082705771487000;NR;YES;YES;NO;NO;NO;0;0;2815;1454;982
ceseredinburgh;4002613533;727080315236262000;NR;YES;YES;NO;NO;NO;0;0;141;159;474
ZikaVirusNews;4579860622;727079998822085000;NR;NO;YES;NO;NO;NO;0;0;1791;23;0
serxes;2157076574;727079244220797000;NR;YES;YES;NO;NO;NO;0;0;219;254;19
JakeBroadhurst;117450612;727078870550221000;NR;NO;YES;YES;NO;NO;0;2;626;431;457
RoyalSocBio;40914713;727077949271200000;NR;NO;YES;YES;NO;NO;0;1;10577;27802;1123
Durgesh86091092;726650602738971000;727076972875014000;NR;YES;YES;NO;NO;NO;0;0;660;41;121
manilagautam29;1005461646;727076504983630000;NR;YES;YES;NO;NO;NO;0;0;5855;181;70
FReSH_MeNeHUNe;213723378;727072532369535000;R;NO;NO;NO;NO;YES;0;0;825;21;126
therealmarkecs;2310728066;727070973342548000;R;NO;YES;NO;NO;NO;0;0;352;15684;72
PyramidProducts;524259330;727070153670836000;NR;NO;YES;NO;NO;NO;0;0;845;196;381
BCTdanielle;56675427;727070134620283000;R;YES;NO;NO;NO;NO;0;0;5276;1090;943
stourvalewalker;15173167;727069450990682000;R;YES;YES;NO;NO;NO;0;0;6864;1848;1125
klkirkup;229505633;727068294029697000;R;YES;YES;NO;NO;NO;0;0;5399;315;171
UKTI_NW;277002104;727068229542253000;R;YES;YES;NO;NO;NO;0;0;5288;2816;349
UKTIEvents;2510365861;727067796992053000;R;NO;YES;YES;NO;NO;0;2;8735;4666;2835
Nepal_News_En;2416885579;727066889969504000;NR;NO;YES;NO;NO;NO;0;0;86197;5672;54
sharmakedar;107309093;727064702363144000;NR;YES;YES;NO;NO;NO;0;0;1208;35;90
naren_sharma911;4863917474;727059696272572000;NR;YES;YES;NO;NO;NO;0;0;130;153;1173
BDBusinessNews;430521926;727059557336257000;R;NO;YES;NO;NO;NO;0;0;9708;468;204
ekantipurdotcom;3792565521;727059289475564000;NR;YES;YES;NO;NO;NO;0;0;129178;1218;13
kathmandupost;625760052;727059067856785000;NR;NO;YES;YES;NO;NO;0;6;28873;123306;91
KinolaiHealth;3041054075;727053928035029000;NR;NO;YES;NO;NO;NO;0;0;20356;5295;5572
KinolaiHealth;3041054075;727053927280071000;R;NO;YES;NO;NO;NO;0;0;20356;5295;5572
FrVision;3978680777;727049011375526000;NR;YES;YES;NO;NO;NO;0;0;12772;373;569
WizoSavage;323712694;727044060108616000;NR;YES;YES;NO;NO;NO;0;0;7990;88;352
GrimsbyUK;101169675;727043620176577000;R;NO;YES;NO;NO;NO;0;0;371061;4417;3515
FailDRE86;2279518826;727043030260302000;NR;YES;YES;NO;NO;NO;0;0;677;122;610
mccassaro;1698970256;727042991349748000;R;YES;YES;NO;NO;NO;0;0;87488;2681;1918
pablorodas;52119056;727042812135494000;R;NO;YES;YES;NO;NO;0;2;4073;9590;10136
Swery65;102327566;727042270000607000;NR;YES;YES;NO;NO;NO;0;0;16687;33923;32756
zesty_NY;711349275435909000;727041981294195000;NR;NO;YES;YES;NO;NO;0;4;4996;1927;2826
setviki;2552832150;727027192799056000;R;YES;YES;NO;NO;NO;0;0;5367;1271;2122
nrg4e4;1563582710;727024423128162000;R;YES;NO;NO;NO;NO;0;0;7148;490;911
4e4_Network;106878204;727024362881167000;R;NO;NO;YES;NO;NO;0;1;47205;1835;2766
worldnewsJ;565506239;727021656225501000;NR;NO;YES;YES;NO;NO;0;1;10886;349;364
robinsnewswire;40173650;727020131428262000;R;NO;YES;NO;NO;NO;0;0;970127;23130;18954
highprophetsfaq;1190977230;727019919959822000;NR;NO;YES;NO;NO;NO;0;0;1950;52;17
divinityofqueen;718761356036543000;727014949466333000;NR;YES;YES;NO;NO;NO;0;0;1651;131;241
Eeva094;2334793252;727010754491199000;R;YES;YES;NO;NO;NO;0;0;61;17;45
gobarefoot_co;3357094154;727007257829872000;NR;NO;YES;NO;NO;NO;0;0;1571;142;192
kb2227;985504188;727005344614879000;NR;NO;YES;NO;NO;NO;0;0;256;102;369
SriLankaMirror;213423172;727003995529597000;R;NO;YES;NO;NO;NO;0;0;55229;1409;347
SheikhFareed00;726671791586845000;727003043263181000;R;NO;NO;NO;NO;YES;0;0;84;18;46
anuya37;628208022;727002162807472000;R;YES;YES;NO;NO;NO;0;0;991;69;178
marthaneuman;1393401553;727001929893585000;NR;YES;YES;NO;NO;NO;0;0;264;111;210
toufiquemahabub;50997235;727001458760012000;R;YES;YES;NO;NO;NO;0;0;5125;637;320
noozman_boozman;3145285353;727001087954162000;NR;YES;YES;NO;NO;NO;0;0;305;26;153
unbnewsroom;3306545726;727000793706951000;NR;NO;YES;NO;NO;NO;0;0;1173;45;253
bidush_barman;4642058799;727000210619126000;R;YES;YES;NO;NO;NO;0;0;157;8;28
dailydimattia;2200553682;726999139792331000;R;YES;NO;NO;NO;NO;0;0;3053;592;930
KrstnKthln;180840685;726998897873158000;R;YES;NO;NO;NO;NO;0;0;1896;424;903
CPnewsdesigns;15240091;726997288422355000;R;NO;NO;YES;NO;NO;0;1;1065;253;529
CPnewsdesigns;15240091;726996867188461000;R;NO;NO;NO;NO;NO;0;0;1065;253;529
dailystarnews;77696645;726996558206497000;R;NO;YES;YES;NO;NO;0;2;64502;146047;83
IlonaKickbusch;833820320;726996055292822000;NR;NO;YES;NO;NO;NO;0;0;36609;6179;847
dailystarnews;77696645;726994476766360000;R;NO;YES;YES;NO;NO;0;4;64502;146047;83
ca_ces;3124983383;726990341883187000;NR;YES;YES;NO;NO;NO;0;0;2468;468;2000
B28Blair;2914673670;726990152371819000;NR;YES;YES;NO;NO;NO;0;0;17946;1291;4958
tmj228;45721176;726989795252142000;NR;YES;YES;NO;NO;NO;0;0;9156;418;373
KinolaiHealth;3041054075;726989729284002000;NR;NO;YES;NO;NO;NO;0;0;20356;5295;5572
KinolaiHealth;3041054075;726989728117981000;NR;NO;YES;NO;NO;NO;0;0;20356;5295;5572
DhakaTribune;756796452;726989615748391000;NR;NO;YES;YES;NO;NO;0;1;23977;51075;47
nonpietra;3360312107;726989317336367000;NR;YES;YES;NO;NO;NO;0;0;32395;1907;1727
GrahameLucas;38474832;726988493247943000;NR;NO;YES;YES;NO;NO;0;2;27501;11490;10686
small_sma;2374704301;726987971006595000;NR;YES;YES;NO;NO;NO;0;0;32100;216;177
ZikaVirusNews;4579860622;726983196273857000;R;NO;YES;NO;NO;NO;0;0;1791;23;0
zasha1987;2325704623;726982857684451000;NR;YES;YES;NO;NO;NO;0;0;11254;181;211
currentbrands;82479041;726980924089483000;R;YES;NO;NO;NO;NO;0;0;1982;693;3384
Criticalanglez;483429828;726980541262631000;NR;YES;YES;NO;NO;NO;0;0;190608;2270;2305
LeilaWalsh8;1289801750;726979534256521000;NR;YES;YES;NO;NO;NO;0;0;9473;771;977
CarterTinaM;47210765;726978979886993000;NR;YES;YES;NO;NO;NO;0;0;1002;291;421
Itsmeem35;523744312;726977342548140000;NR;YES;YES;NO;NO;NO;0;0;558;76;191
YuukiFushimi;439825740;726976805480059000;NR;YES;YES;NO;NO;NO;0;0;68013;3260;5002
teka21bat;2179089168;726975847396184000;NR;YES;YES;NO;NO;NO;0;0;123133;3895;3707
ShesMadeline__;615402129;726975763010855000;NR;YES;YES;NO;NO;NO;0;0;6350;258;282
KSwa50;885601772;726975481170424000;NR;YES;YES;NO;NO;NO;0;0;45073;561;254
PPFA;402957663;726975191964914000;NR;YES;YES;NO;NO;NO;0;0;6565;75467;647
gusportela;114484518;726974631597330000;R;YES;YES;NO;NO;NO;0;0;9490;2747;1177
youinmindJA;626071785;726974430841205000;NR;NO;YES;NO;NO;NO;0;0;22356;7824;7173
KinolaiHealth;3041054075;726973145937121000;NR;NO;YES;NO;NO;NO;0;0;20356;5295;5572
KinolaiHealth;3041054075;726973145077305000;R;NO;YES;YES;NO;NO;0;1;20356;5295;5572
KinolaiHealth;3041054075;726973144259400000;NR;NO;YES;NO;NO;NO;0;0;20356;5295;5572
DDenutritionist;2149329072;726972321651671000;R;NO;NO;NO;NO;NO;0;0;1084;548;2363
robinsnewswire;40173650;726971158155923000;R;NO;YES;NO;NO;NO;0;0;970127;23130;18954
Voltaireon;278387899;726970188206346000;R;NO;NO;NO;NO;NO;0;0;5555;410;1608
KarolArambula;101868031;726967915166073000;NR;YES;YES;NO;NO;NO;0;0;22150;1265;3402
robinsnewswire;40173650;726967344539550000;NR;NO;YES;NO;NO;NO;0;0;970127;23130;18954
GaBy3007;29393076;726967340777120000;R;NO;NO;NO;NO;NO;0;0;16713;823;672
JoannnRawrr;2794232660;726966646405919000;R;YES;NO;NO;NO;NO;0;0;958;211;483
bugpatchamerica;724377015118389000;726958519648289000;NR;YES;YES;NO;NO;NO;0;0;511;39;97
fdocrespo;2584677434;726957824740327000;R;YES;NO;NO;NO;NO;0;0;5752;998;4213
Murine98;3834652756;726956855562379000;R;YES;NO;NO;NO;NO;0;0;635;78;256
KinolaiHealth;3041054075;726956426711564000;NR;NO;YES;NO;NO;NO;0;0;20356;5295;5572
KinolaiHealth;3041054075;726956425147126000;R;NO;YES;NO;NO;NO;0;0;20356;5295;5572
caseyu00;4840978758;726956390057546000;R;YES;NO;NO;NO;NO;0;0;104;59;132
bugpatchamerica;724377015118389000;726956342015971000;NR;YES;YES;NO;NO;NO;0;0;511;39;97
HSaludPublica;2647217843;726953550262243000;NR;YES;YES;NO;NO;NO;0;0;1169;532;172
DustyManther;612991879;726953522369991000;R;NO;NO;YES;NO;NO;0;2;1264;164;218
IvanRoger_;2584672796;726952102719832000;NR;YES;YES;NO;NO;NO;0;0;17200;1083;1017
hotpinknachos;1883279358;726947810331881000;R;YES;YES;NO;NO;NO;0;0;16613;1678;1655
ukrainik;2375882414;726947596770656000;R;NO;YES;NO;NO;NO;0;0;37247;1989;880
msunielsen;22819266;726947227168440000;R;NO;YES;YES;NO;NO;0;1;38773;2317;2485
Madison9876543;2402393324;726942961229947000;R;YES;NO;NO;NO;NO;0;0;403;85;281
kougher;39791242;726942800277848000;R;YES;NO;NO;NO;NO;0;0;33295;1728;1645
bettycjung;118788479;726941915929805000;R;NO;YES;NO;NO;NO;0;0;40575;343;88
ReggieEarl;4220148854;726940842372518000;R;NO;NO;NO;NO;NO;0;0;1745;288;419
KinolaiHealth;3041054075;726939916089717000;R;NO;YES;NO;NO;NO;0;0;20356;5295;5572
bettycjung;118788479;726939603589059000;R;NO;YES;NO;NO;NO;0;0;40575;343;88
Jetgumdrop;4909457226;726935196528873000;R;YES;NO;NO;NO;NO;0;0;881;127;174
ZikaVirusNews;4579860622;726933517976764000;R;NO;YES;NO;NO;NO;0;0;1791;23;0
Ryan_Mac_Phd;4705081039;726932564707963000;NR;NO;YES;NO;NO;NO;0;0;849;241;425
joly2u;75521916;726929735595360000;R;YES;YES;NO;NO;NO;0;0;108841;1273;1069
odonnellPS28;1973795336;726925554113483000;NR;YES;YES;NO;NO;NO;0;0;3450;521;848
ckpleon8;719173622208860000;726924693194826000;NR;YES;YES;NO;NO;NO;0;0;14;12;85
JCBua;16737566;726921187440378000;R;NO;YES;NO;NO;NO;0;0;26423;2288;2489
BettyGibet;4886272079;726919962460344000;NR;YES;YES;NO;NO;NO;0;0;8687;187;143
drkathyhsiao;2788529930;726915061596344000;NR;YES;YES;NO;NO;NO;0;0;1753;906;1903
biljon5;21433328;726913583016108000;R;NO;NO;NO;NO;NO;0;0;27689;4887;4992
sorana1965;299487527;726911429681529000;R;YES;YES;NO;NO;NO;0;0;10579;1652;1938
FinnJean;345367421;726911313553674000;NR;YES;YES;NO;NO;NO;0;0;2160;79;126
CardPamcard;874724448;726910416660505000;R;YES;YES;NO;NO;NO;0;0;57350;1104;1386
FreedomChild3;2716100047;726910008554885000;R;NO;YES;YES;NO;NO;0;1;184594;20233;9365
OdessaYabut;238763247;726909717491016000;NR;YES;YES;NO;NO;NO;0;0;843;242;266
__jacquelyn_;35614925;726908252517081000;NR;NO;YES;NO;NO;NO;0;0;759;163;214
KinolaiHealth;3041054075;726908077761417000;R;NO;YES;NO;NO;NO;0;0;20356;5295;5572
__jacquelyn_;35614925;726907380630327000;NR;NO;YES;NO;NO;NO;0;0;759;163;214
KQEDscience;22695157;726906604306727000;NR;NO;YES;YES;NO;NO;0;3;50159;20849;22531
AvonbyKC;3377095907;726904077502796000;R;NO;NO;NO;NO;NO;0;0;890;18;36
sedj4wd;265084821;726903961668583000;R;YES;YES;NO;NO;NO;0;0;43042;7292;7404
BarbaraSteffek;635069900;726903100548731000;NR;YES;YES;NO;NO;NO;0;0;2463;170;36
rightwinglatina;523409160;726902086361833000;NR;YES;YES;NO;NO;NO;0;0;57651;10290;10140
LouiseM_USA;726067929482191000;726900833296744000;R;YES;NO;NO;NO;NO;0;0;107;21;70
JEstrada15;327441834;726900824694100000;R;YES;NO;NO;NO;NO;0;0;6104;376;1128
N8_kirk;163939196;726898655723180000;R;NO;NO;NO;NO;NO;0;0;6360;499;524
rodrigonunescal;716577519785394000;726896626950885000;NR;YES;YES;NO;NO;NO;0;0;1667;694;5000
tamraraven;247637778;726895360887677000;NR;YES;YES;NO;NO;NO;0;0;48588;1937;3832
tomperrone;50841102;726894176336511000;R;NO;NO;NO;NO;NO;0;0;450;47;153
RaphaelXimenes;28560089;726893934002213000;NR;NO;YES;NO;NO;NO;0;0;4296;215;254
jaminbrahmbhatt;124023833;726886800271221000;NR;NO;YES;YES;NO;NO;0;1;8329;19538;1734
ZikaVirusNews;4579860622;726884259080864000;NR;NO;YES;NO;NO;NO;0;0;1791;23;0
olkeef;2151710489;726880762658722000;NR;YES;YES;NO;NO;NO;0;0;7172;105;321
bugpatchamerica;724377015118389000;726879090637054000;NR;YES;YES;NO;NO;NO;0;0;511;39;97
KinolaiHealth;3041054075;726873959862403000;NR;NO;YES;YES;NO;NO;0;1;20356;5295;5572
Simeon_5;407702780;726871738538185000;NR;YES;YES;NO;NO;NO;0;0;61260;2095;408
WiPoKuLi;257471968;726871098088907000;NR;YES;YES;NO;NO;NO;0;0;130467;8691;9036
WiPoKuLi;257471968;726871057022521000;NR;YES;YES;NO;NO;NO;0;0;130467;8691;9036
WiPoKuLi;257471968;726870909844337000;NR;YES;YES;NO;NO;NO;0;0;130467;8691;9036
WiPoKuLi;257471968;726869231418102000;R;YES;YES;NO;NO;NO;0;0;130467;8691;9036
m13kd;1547350644;726861895974703000;NR;YES;YES;NO;NO;NO;0;0;7741;683;3196
AmberRishi;2615370416;726855070667661000;R;YES;NO;NO;NO;NO;0;0;35762;164;114
unngls;95673988;726852319833407000;NR;YES;YES;NO;NO;NO;0;0;14891;10955;1849
OribaDan;778169311;726852168452547000;NR;NO;YES;NO;NO;NO;0;0;1918;394;838
SmarterRegs;2752834070;726849947472032000;NR;NO;YES;NO;NO;NO;0;0;16499;455;699
CHRC_UGA;725141393581167000;726844652335305000;NR;NO;YES;NO;NO;NO;0;0;12;1;4
samraiman;67186757;726842996654768000;NR;YES;YES;NO;NO;NO;0;0;22069;477;657
KinolaiHealth;3041054075;726842206099624000;NR;NO;YES;NO;NO;NO;0;0;20356;5295;5572
gdorn1;766431397;726839721930969000;R;YES;YES;NO;NO;NO;0;0;1764;515;966
lizditz;4937061;726838553611633000;R;YES;NO;NO;NO;NO;0;0;67586;6644;5840
lizditz;4937061;726838531641889000;R;YES;NO;NO;NO;NO;0;0;67586;6644;5840
CloseToHomeMD;298299421;726837174356873000;R;NO;NO;YES;NO;NO;0;2;21900;3212;2093
astronglady;1053271752;726834933147160000;R;NO;NO;NO;NO;NO;0;0;38765;1618;1165
astronglady;1053271752;726834453176144000;R;NO;NO;NO;NO;NO;0;0;38765;1618;1165
HomeLivingAid;1573320613;726834329159086000;NR;YES;YES;NO;NO;NO;0;0;11769;537;31
kinsa;1130198744;726834265128735000;R;YES;NO;NO;NO;NO;0;0;6048;3401;1076
giftedandcursed;14090386;726834139014517000;R;YES;NO;NO;NO;NO;0;0;1036;71;151
astronglady;1053271752;726833807240765000;R;NO;NO;NO;NO;NO;0;0;38765;1618;1165
Disabilitygov;21783950;726833753478279000;NR;NO;YES;YES;NO;NO;0;3;14486;99385;1297
BigDataTweetBot;3356052532;726833669885796000;R;YES;YES;NO;NO;NO;0;0;809784;11927;240
astronglady;1053271752;726833256339919000;R;NO;NO;NO;NO;NO;0;0;38765;1618;1165
CloseToHomeMD;298299421;726833071392186000;R;NO;NO;NO;NO;NO;0;0;21900;3212;2093
Houseskivvy;3366309581;726832948184535000;R;YES;NO;NO;NO;NO;0;0;1519;808;2133
10chaselane;274104261;726832225854087000;R;YES;NO;NO;NO;NO;0;0;98418;1829;1985
10chaselane;274104261;726831904109027000;R;YES;NO;NO;NO;NO;0;0;98418;1829;1985
Abby_Retweet;711911236846260000;726831856771977000;R;YES;YES;NO;NO;NO;0;0;15771;455;4
mitdoc;161889273;726831733849485000;R;YES;NO;NO;NO;NO;0;0;5879;693;561
atticusfinch71;208539732;726831706896896000;R;YES;NO;NO;NO;NO;0;0;21545;2962;2768
10chaselane;274104261;726831499690004000;R;YES;NO;NO;NO;NO;0;0;98418;1829;1985
atticusfinch71;208539732;726831493000008000;R;YES;NO;NO;NO;NO;0;0;21545;2962;2768
jlmico;221088789;726831051818078000;R;NO;YES;YES;NO;NO;0;3;25334;6795;6088
CloseToHomeMD;298299421;726830390921560000;R;NO;NO;YES;NO;NO;0;1;21900;3212;2093
CloseToHomeMD;298299421;726830173300122000;R;NO;NO;YES;NO;NO;0;2;21900;3212;2093
CloseToHomeMD;298299421;726829843682320000;R;NO;NO;YES;NO;NO;0;1;21900;3212;2093
GalactoDoc;718888154;726829713264640000;R;YES;NO;NO;NO;NO;0;0;2140;877;157
Dr_NicholsonPHX;28272729;726829563620127000;R;NO;NO;NO;NO;NO;0;0;3933;706;598
CloseToHomeMD;298299421;726829546054533000;R;NO;NO;YES;NO;NO;0;1;21900;3212;2093
atticusfinch71;208539732;726829463602766000;R;YES;NO;NO;NO;NO;0;0;21545;2962;2768
CloseToHomeMD;298299421;726829346003018000;R;NO;NO;YES;NO;NO;0;1;21900;3212;2093
CloseToHomeMD;298299421;726829157414490000;R;NO;NO;YES;NO;NO;0;4;21900;3212;2093
TAFORU;30155403;726828100764324000;NR;NO;YES;NO;NO;NO;0;0;34397;2388;2748
pediacast;249280293;726826346744308000;R;YES;NO;NO;NO;NO;0;0;5287;1935;1117
KinolaiHealth;3041054075;726826068858929000;R;NO;YES;NO;NO;NO;0;0;20356;5295;5572
Dr_NicholsonPHX;28272729;726825856505516000;R;NO;NO;NO;NO;NO;0;0;3933;706;598
SusanaDeLeonMD;367489515;726825287342789000;R;YES;NO;NO;NO;NO;0;0;133274;11754;12385
CloseToHomeMD;298299421;726825176881619000;R;NO;NO;YES;NO;NO;0;1;21900;3212;2093
bugpatchamerica;724377015118389000;726824898010575000;NR;YES;YES;NO;NO;NO;0;0;511;39;97
CloseToHomeMD;298299421;726824824878805000;R;NO;NO;YES;NO;NO;0;1;21900;3212;2093
bugpatchamerica;724377015118389000;726824725385634000;NR;YES;YES;NO;NO;NO;0;0;511;39;97
astronglady;1053271752;726823959761576000;R;YES;YES;NO;NO;NO;0;0;38765;1618;1165
astronglady;1053271752;726823950676697000;R;YES;YES;NO;NO;NO;0;0;38765;1618;1165
astronglady;1053271752;726823878706623000;NR;YES;YES;NO;NO;NO;0;0;38765;1618;1165
astronglady;1053271752;726823844715995000;NR;YES;YES;NO;NO;NO;0;0;38765;1618;1165
CloseToHomeMD;298299421;726823017549062000;R;NO;NO;NO;NO;NO;0;0;21900;3212;2093
CloseToHomeMD;298299421;726822788376437000;R;NO;NO;NO;NO;NO;0;0;21900;3212;2093
4CMedicalGroup;2723024371;726821896918966000;R;NO;YES;NO;NO;NO;0;0;173;11;39
astronglady;1053271752;726820815891624000;R;NO;NO;NO;NO;YES;0;0;38765;1618;1165
TAMU_Safety;2669474048;726820628058149000;R;YES;YES;NO;NO;NO;0;0;182;206;184
CloseToHomeMD;298299421;726818768354202000;R;NO;NO;NO;NO;NO;0;0;21900;3212;2093
astronglady;1053271752;726818479689490000;NR;YES;YES;NO;NO;NO;0;0;38765;1618;1165
astronglady;1053271752;726818462689989000;NR;NO;YES;YES;NO;NO;0;1;38765;1618;1165
kb_leecaster;2915722919;726817060517376000;R;YES;YES;NO;NO;NO;0;0;6977;248;483
CUMC_Women;725748684546281000;726816147207803000;NR;NO;YES;NO;NO;NO;0;0;3;7;29
ByzantineRex;719036521362272000;726812725863551000;R;NO;NO;NO;NO;YES;0;0;1432;356;1631
SoundSystemOne;231050419;726811533104259000;NR;YES;YES;NO;NO;NO;0;0;51327;601;1363
cucumberjuice;92181782;726810350453142000;NR;NO;YES;NO;NO;YES;0;0;147857;1605;659
OriginalG3045;1514249862;726810086421750000;R;NO;YES;NO;NO;NO;0;0;363;125;393
irfan2k9;43586864;726809765813359000;R;YES;YES;NO;NO;NO;0;0;3257;598;2893
KinolaiHealth;3041054075;726809594626855000;R;NO;YES;NO;NO;NO;0;0;20356;5295;5572
channingdutton;20353094;726807042623578000;R;NO;YES;YES;NO;NO;0;1;5723;247;46
purpleangel6868;952163491;726805575598744000;R;YES;NO;NO;NO;NO;0;0;11178;660;1953
abcrocker;28014928;726804392926540000;R;YES;YES;NO;NO;NO;0;0;7027;683;942
aglifesciences;19309639;726803683611124000;R;NO;YES;YES;NO;NO;0;3;2450;6733;1216
medsinpregnancy;2463117790;726803566933975000;NR;NO;YES;NO;NO;NO;0;0;5245;710;544
jenniferanneall;38934608;726803438365864000;NR;YES;YES;NO;NO;NO;0;0;935;32;78
xoSheri;51813493;726797750071779000;R;YES;NO;NO;NO;NO;0;0;17130;3107;3452
denisborges26;637158677;726793687548744000;NR;YES;YES;NO;NO;NO;0;0;81685;539;212
Purplegarter1;709828169;726793626769052000;NR;YES;YES;NO;NO;NO;0;0;181585;4179;2159
rockykistner1;250916233;726790936815100000;R;NO;YES;NO;NO;NO;0;0;3914;940;609
orchardmerkel;1609063080;726790569175868000;R;NO;YES;NO;NO;NO;0;0;96;42;93
robinkoretsky;269896205;726789577868898000;NR;NO;YES;NO;NO;NO;0;0;794;121;337
veracrivella;105216454;726785379144204000;NR;YES;YES;NO;NO;NO;0;0;3762;108;120
atsetsegma;529233639;726784856475079000;NR;YES;YES;NO;NO;NO;0;0;497;57;77
BCCIC;42982767;726784556892705000;NR;YES;YES;NO;NO;NO;0;0;3883;2099;1592
nobodyX11X;3535176793;726784202285281000;R;YES;NO;NO;NO;NO;0;0;1661;258;564
Munnaf_Hussain;247791577;726781230461514000;R;YES;NO;NO;NO;NO;0;0;3581;120;235
m_rc8dez_7;204949773;726780767439716000;NR;YES;YES;NO;NO;NO;0;0;15124;107;48
Ken_Alabama;331756025;726778832934572000;NR;NO;YES;NO;NO;YES;0;0;5409;1031;2389
weldamouton;261798536;726778535042495000;NR;YES;YES;NO;NO;NO;0;0;1166;326;443
A4D013;4869061317;726778359896769000;NR;YES;YES;NO;NO;NO;0;0;66;17;51
BookofAdele;82288185;726777946250211000;NR;YES;YES;NO;NO;NO;0;0;8998;57;294
Joeskot;59519188;726773724830163000;NR;YES;YES;NO;NO;NO;0;0;691;126;604
HCMgg70;2723152468;726771735270404000;NR;YES;YES;NO;NO;NO;0;0;1717;32;90
chrislmendonca;14593359;726768657884434000;NR;YES;YES;NO;NO;NO;0;0;20835;1345;2261
tunitafish;134224350;726766225095725000;NR;YES;YES;NO;NO;NO;0;0;48;15;128
iamJennyDianne;146384248;726765499669828000;R;YES;NO;NO;NO;NO;0;0;16565;1182;1599
Lilianamaguti;2292958556;726765438043079000;NR;YES;YES;NO;NO;NO;0;0;601;80;152
laocampo_;550945492;726764476289061000;R;YES;NO;NO;NO;NO;0;0;76247;1656;968
jmmuriu;2550266892;726764464482189000;NR;YES;YES;NO;NO;NO;0;0;5846;436;363
alpereirinha;327002505;726763659393913000;R;YES;NO;NO;NO;NO;0;0;3530;271;243
BugDoc100;1162729128;726760729429217000;R;NO;NO;NO;NO;NO;0;0;36;16;115
7marycarmen;542953011;726759927780397000;NR;YES;YES;NO;NO;NO;0;0;1885;112;136
KinolaiHealth;3041054075;726759777221517000;R;NO;YES;NO;NO;NO;0;0;20356;5295;5572
lMiguelPinheiro;1316885364;726759090786079000;NR;YES;YES;NO;NO;NO;0;0;2739;193;503
murthy0506;929605572;726758543764808000;NR;YES;YES;NO;NO;NO;0;0;5632;216;186
TheSarg22;860633640;726757550813749000;R;YES;YES;NO;NO;NO;0;0;3433;36;30
AdvanPracticeRN;326442688;726756865833591000;R;NO;YES;NO;NO;NO;0;0;10350;1387;277
eldato27;85634458;726755543444951000;NR;YES;YES;NO;NO;NO;0;0;23001;2318;3108
KateForIan;2368611337;726755327757148000;NR;YES;YES;NO;NO;NO;0;0;35254;727;529
LanBo44;68658717;726753503553675000;R;YES;YES;NO;NO;NO;0;0;6106;113;161
KOUASSIFranois;830691013;726750669693157000;NR;YES;YES;NO;NO;NO;0;0;3066;256;475
NJTVNews;35778956;726750564915126000;NR;NO;YES;NO;NO;NO;0;0;36034;21491;1261
zikavirusnet;4569019157;726750472338588000;NR;YES;YES;NO;NO;NO;0;0;338;234;410
acblet;941207700;726749456612348000;NR;YES;YES;NO;NO;NO;0;0;6797;302;398
SouthernDCBlogs;582689231;726747563911565000;NR;YES;YES;NO;NO;NO;0;0;963;49;145
UltraCapitalAu;3015926280;726747263201071000;NR;YES;YES;NO;NO;NO;0;0;4754;99;151
PuertoRicoSerio;1035540452;726747000247472000;R;YES;YES;NO;NO;NO;0;0;16980;1829;269
moneysavingmove;168102806;726746938469671000;NR;YES;YES;NO;NO;NO;0;0;6396;972;2191
kinanti0205;273791807;726746670793269000;NR;YES;YES;NO;NO;NO;0;0;5946;1005;2046
DanielRaihani;717365250379518000;726746620499481000;NR;YES;YES;NO;NO;NO;0;0;2723;145;408
sunnyk8quist;2652182610;726746158111048000;NR;YES;YES;NO;NO;NO;0;0;68976;905;1011
Yeam;3066132232;726745930033156000;NR;YES;YES;NO;NO;NO;0;0;6357;332;362
GlobalGoalsUN;115099953;726745742719611000;NR;NO;YES;YES;NO;NO;0;36;14634;177541;492
ZensoInsights;165486730;726745053524316000;NR;YES;YES;NO;NO;NO;0;0;30429;4055;1678
KinolaiHealth;3041054075;726743892763116000;NR;NO;YES;NO;NO;NO;0;0;20356;5295;5572
Blog_The_World;127448134;726741619752448000;R;NO;YES;NO;NO;NO;0;0;68093;7316;3177
BowMaoTruthTeam;467296247;726740655775445000;R;NO;YES;NO;NO;NO;0;0;67466;9965;10001
ZikaVirusNews;4579860622;726737329667207000;NR;NO;YES;NO;NO;NO;0;0;1791;23;0
Johnna434;4608117141;726735095801872000;NR;YES;YES;NO;NO;NO;0;0;229;93;870
Roxana608;4558392333;726734900716511000;NR;YES;YES;NO;NO;NO;0;0;418;214;894
Chimp999;56520458;726734776862954000;R;YES;NO;NO;NO;NO;0;0;120087;1808;3323
Lorine920;4689981494;726734649355981000;NR;YES;YES;NO;NO;NO;0;0;230;121;299
Darius24234;4580079975;726734602329428000;NR;YES;YES;NO;NO;NO;0;0;242;198;650
stick375;69013390;726728850189746000;R;YES;YES;NO;NO;NO;0;0;24093;589;1025
JodelDeauna;342453276;726728626897588000;R;NO;NO;NO;NO;NO;0;0;17000;495;1956
fiftyshadesofss;1015848373;726727593685193000;R;YES;YES;NO;NO;NO;0;0;69035;400;136
fiftyshadesofwm;2287242588;726727337371300000;R;YES;YES;NO;NO;NO;0;0;4018;602;39
zikavirusupdate;4894286096;726724018947150000;R;NO;YES;NO;NO;NO;0;0;85;8;2
heidi5969;28120619;726714744703488000;R;YES;NO;NO;NO;NO;0;0;9155;884;1336
SophiaNicolett3;4189828040;726713354262213000;R;YES;NO;NO;NO;NO;0;0;253;25;15
ConnieInAmerica;561624760;725298755981861000;R;NO;NO;NO;NO;NO;0;0;23065;274;390
BelatiSisi;4436852134;725296030158348000;R;YES;YES;NO;NO;NO;0;0;2212;22;248
amandsst;2810050196;725295990291456000;R;NO;YES;NO;NO;NO;0;0;447733;28416;27941
nucliosis;79461098;725295739329384000;R;YES;YES;NO;NO;NO;0;0;20757;1210;1467
nucliosis;79461098;725295696471974000;R;YES;YES;NO;NO;NO;0;0;20757;1210;1467
amandsst;2810050196;725294996367249000;R;NO;YES;NO;NO;NO;0;0;447733;28416;27941
womenshealth2d;717991894391783000;725294831690502000;NR;NO;YES;NO;NO;NO;0;0;65;53;63
sarahnolimite;4331263221;725294354370322000;R;YES;YES;NO;NO;NO;0;0;19310;457;719
mynahcare;3243913885;725293230560924000;NR;NO;YES;YES;NO;NO;0;4;1687;221;284
syalmas;358672452;725292244790567000;R;YES;YES;NO;NO;NO;0;0;42724;4763;4874
RandyRuss12;2730562832;725291357946925000;R;NO;NO;NO;NO;YES;0;0;556;49;87
4HopefulFutures;3375135935;725290962210148000;NR;YES;YES;NO;NO;NO;0;0;1254;193;510
ihabsou2;709686433464914000;725290423015621000;R;YES;YES;NO;NO;NO;0;0;11724;158;267
linadz222;702788239376183000;725290385493365000;R;YES;YES;NO;NO;NO;0;0;518;22;19
NewsDailySpot;4518367641;725290148838167000;R;NO;YES;NO;NO;NO;0;0;1578;4779;1394
YaadMekI;2589318132;725289896697438000;R;NO;NO;NO;NO;NO;0;0;38599;501;355
sousou765;3917551393;725289748949000000;R;NO;YES;YES;NO;NO;0;5;17779;1089;1022
HealthPotli;4667753190;725289402344301000;R;NO;YES;NO;NO;NO;0;0;42;59;4
KinolaiHealth;3041054075;725289344395665000;NR;NO;YES;NO;NO;NO;0;0;20356;5295;5572
SXMCanadaTalks;1343036322;725287008533373000;R;NO;NO;NO;NO;NO;0;0;21215;2741;644
NatPostRadio;3182079967;725286811589812000;R;NO;NO;NO;NO;NO;0;0;3133;690;662
ZikaVirusNews;4579860622;725286540931256000;NR;NO;YES;NO;NO;NO;0;0;1791;23;0
BrockMeeks;304804327;725282328369594000;R;YES;YES;NO;NO;NO;0;0;7115;2166;2099
amandsst;2810050196;725281745831088000;R;NO;YES;NO;NO;NO;0;0;447733;28416;27941
alejandrarias;68448511;725279805621555000;NR;YES;YES;NO;NO;NO;0;0;3765;400;416
popupcity;63287482;725278534554534000;R;NO;YES;YES;NO;NO;0;1;4876;15925;678
jeroenbeekmans;21212166;725278534504173000;R;NO;YES;NO;NO;NO;0;0;4452;704;229
zikavirusupdate;4894286096;725274457187693000;R;NO;YES;NO;NO;NO;0;0;85;8;2
Aalto_Bio;3432639196;725273917057852000;R;YES;YES;NO;NO;NO;0;0;225;110;559
KinolaiHealth;3041054075;725273085046231000;NR;NO;YES;NO;NO;NO;0;0;20356;5295;5572
QoLCare;3280647540;725271380996968000;NR;NO;YES;NO;NO;NO;0;0;6304;109;43
SirBenKenobi;4920220572;725270079277949000;R;NO;NO;NO;NO;YES;0;0;3456;219;368
UCLGlobalHealth;31697481;725269124872548000;NR;NO;YES;NO;NO;NO;0;0;3134;4729;493
TimPeebles;1257756930;725268749553639000;NR;NO;NO;NO;NO;YES;0;0;38553;391;910
gstvenglish;3320199715;725267224638972000;R;NO;YES;NO;NO;NO;0;0;6645;1216;11
MoultrieNews;88947094;725263998120141000;NR;NO;YES;NO;NO;NO;0;0;20177;6475;1082
justaxkiss;3319207803;725263779353661000;R;YES;YES;NO;NO;NO;0;0;4628;169;215
digitaleyecent;3131432631;725263469486965000;NR;NO;YES;NO;NO;NO;0;0;4520;3168;2343
AltePrashant;723427889622880000;725263033291837000;NR;YES;YES;NO;NO;NO;0;0;6;0;3
indiadayafter;3181440397;725253186240545000;NR;NO;YES;NO;NO;NO;0;0;5192;116;216
s_palm;141466282;725251709262422000;R;YES;YES;NO;NO;NO;0;0;55909;1008;224
DrMel_T;1115784079;725251538927526000;R;YES;YES;NO;NO;NO;0;0;73751;8147;6458
oregano88;186725392;725250997581292000;R;YES;YES;NO;NO;NO;0;0;11113;499;367
LisaByrnes2;2295689768;725250912545985000;R;YES;YES;NO;NO;NO;0;0;1967;69;117
juliecorb;2241205392;725249843556282000;R;YES;YES;NO;NO;NO;0;0;126149;2857;2645
juliecorb;2241205392;725249759397564000;R;YES;YES;NO;NO;NO;0;0;126149;2857;2645
Science_Open;1246397209;725248696984687000;NR;YES;YES;NO;NO;NO;0;0;16281;4712;2301
myofoz;27354052;725247102780105000;R;YES;YES;NO;NO;NO;0;0;15724;314;1280
fislambd2014;705372439618847000;725246920818606000;NR;NO;YES;NO;NO;NO;0;0;191;59;93
susanamet;2328139452;725246347973030000;R;YES;YES;NO;NO;NO;0;0;38095;3287;1393
fede_romaniello;325403080;725245384113676000;R;NO;NO;NO;NO;NO;0;0;1502;275;130
jacksonwoodHQ;1727458536;725243735487832000;R;NO;YES;YES;NO;NO;0;11;6899;17195;415
GRamsbottom;1337181704;725237610583564000;R;NO;YES;NO;NO;NO;0;0;53986;1406;2051
UCLGlobalHealth;31697481;725236827104354000;NR;NO;YES;NO;NO;NO;0;0;3134;4729;493
NYCSmallBiz;595609921;725235691899130000;NR;NO;YES;NO;NO;NO;0;0;106450;4162;4205
canadawale;2789160855;725234600776225000;R;NO;YES;NO;NO;NO;0;0;45507;438;16
yespunjab;224961966;725233148804629000;R;NO;YES;NO;NO;NO;0;0;129066;131955;129321
BawaHS;54827721;725233148750119000;R;NO;YES;NO;NO;NO;0;0;116572;85930;13138
BioX_Malaysia;3064983248;725232335684170000;R;YES;YES;NO;NO;NO;0;0;6915;225;392
CaeVye;31104704;725227717126447000;R;YES;YES;NO;NO;NO;0;0;86722;1716;1832
Pri0728;146488812;725226997786366000;NR;YES;YES;NO;NO;NO;0;0;128;19;46
CongoUnfpa;3014306194;725226281239990000;NR;YES;YES;NO;NO;NO;0;0;453;373;210
Muhamma70315483;4869311547;725225599187489000;R;YES;YES;NO;NO;NO;0;0;109;516;1958
Nebby_99;23060198;725224503580615000;R;YES;YES;NO;NO;NO;0;0;33310;110;157
KinolaiHealth;3041054075;725223450420224000;NR;NO;YES;NO;NO;NO;0;0;20356;5295;5572
yaakov_h;91762941;725222769877602000;R;YES;YES;NO;NO;NO;0;0;69858;459;158
JennyKayNZ;50943610;725220635371151000;R;YES;YES;NO;NO;NO;0;0;28301;1746;3326
SIMNZ;498463105;725220053491147000;R;YES;YES;NO;NO;NO;0;0;19429;481;1165
sharnatweets;68357033;725219080458875000;R;YES;YES;NO;NO;NO;0;0;12618;949;576
micheinnz;822481213;725219078776857000;R;YES;YES;NO;NO;NO;0;0;49449;716;591
JoelRDodd;3270112831;725218911252148000;R;YES;YES;NO;NO;NO;0;0;27872;848;814
Retrovertigo;7058852;725218906739081000;R;YES;YES;NO;NO;NO;0;0;31515;524;1111
glengyron;47008273;725218728133038000;R;YES;YES;NO;NO;NO;0;0;103225;2613;2147
samemniktom;1739973012;725218711628476000;R;YES;YES;NO;NO;NO;0;0;298;785;1841
Asher_Wolf;15486485;725218648286061000;R;YES;YES;NO;NO;NO;0;0;374871;41833;25293
Asher_Wolf;15486485;725218630745498000;R;YES;YES;NO;NO;NO;0;0;374871;41833;25293
skwashd;8018342;725217480780607000;R;NO;YES;YES;NO;NO;0;4;25616;2121;749
gladeolie;54516759;725214644881777000;NR;YES;YES;NO;NO;NO;0;0;50064;581;1534
anajjny;3033639388;725214296901177000;R;NO;YES;NO;NO;NO;0;0;407986;15297;15442
alicesttu;2810037368;725214215028494000;R;NO;YES;NO;NO;NO;0;0;370196;27834;29739
Medicalrepublic;3317405598;725211472310076000;R;YES;YES;NO;NO;NO;0;0;713;323;450
worldnewsdotcom;143142203;725211427393278000;NR;NO;YES;YES;NO;NO;0;2;65274;7084;3492
MahycoIndia;2700221964;725210180263145000;NR;YES;YES;NO;NO;NO;0;0;2746;1044;209
lilimareea;3008361326;725209945134649000;R;YES;YES;NO;NO;NO;0;0;7397;174;200
WaqasBukhari15;2275834219;725207828680561000;R;YES;YES;NO;NO;NO;0;0;23522;453;1810
HUMANBEINGONE;1605694716;725207412806963000;NR;YES;YES;NO;NO;NO;0;0;71134;175;181
TheStatesmanLtd;1555266841;725206917778383000;NR;NO;YES;NO;NO;NO;0;0;15821;1940;258
kirkmurphy;16088941;725206304948523000;R;YES;YES;NO;NO;NO;0;0;83925;1951;3033
seanparnell;95338396;725205108263285000;R;YES;YES;NO;NO;NO;0;0;15904;5156;935
kelly_black23;725189169140617000;725204289551913000;R;YES;YES;NO;NO;NO;0;0;21;14;68
mpwoodhead;19167641;725204052343030000;R;NO;YES;YES;NO;NO;0;22;19891;2612;1636
BCWomensFdn;132993937;725202505311773000;R;YES;NO;NO;NO;NO;0;0;3802;2456;2076
primpaypon;64672977;725201009325146000;NR;NO;YES;NO;NO;NO;0;0;45990;1703;993
Indira_L;239857777;725200920699613000;NR;NO;YES;NO;NO;NO;0;0;21378;9465;3084
amandsst;2810050196;725199958891106000;R;NO;YES;NO;NO;NO;0;0;447733;28416;27941
amandsst;2810050196;725198221841158000;R;NO;YES;NO;NO;NO;0;0;447733;28416;27941
mtfjakob497;618516090;725197558944010000;R;YES;YES;NO;NO;NO;0;0;57;37;2167
AaaCamino;44219748;725195757641327000;R;YES;YES;NO;NO;NO;0;0;64318;1868;1981
dyctiostelium;94270912;725195739010200000;NR;YES;YES;NO;NO;NO;0;0;17482;395;109
FemaleExecMag;2400989810;725195342329844000;R;NO;YES;YES;NO;NO;0;1;35274;41788;21566
ErrolCNN;34350419;725194615649898000;R;YES;YES;NO;NO;NO;0;0;12439;45200;905
rosemaryCNN;27443744;725193463260574000;R;NO;YES;YES;NO;NO;0;6;32979;38873;4072
king_magdi;377454987;725191347892789000;NR;NO;YES;NO;NO;NO;0;0;23765;1388;3339
king_magdi;377454987;725191321858806000;NR;YES;YES;NO;NO;NO;0;0;23765;1388;3339
NiliMajumder;389548615;725190945432592000;NR;NO;YES;YES;NO;NO;0;1;563045;9616;2550
alicesttu;2810037368;725190605886898000;R;NO;YES;NO;NO;NO;0;0;370196;27834;29739
amandsst;2810050196;725190138758730000;R;NO;YES;NO;NO;NO;0;0;447733;28416;27941
ZuelligHealth;408964397;725189037649191000;NR;NO;YES;NO;NO;NO;0;0;103;28;12
fpjindia;295693924;725187973722071000;NR;NO;YES;NO;NO;NO;0;0;87829;2117;259
scchultzzz1;336992906;725185933444796000;NR;YES;YES;NO;NO;NO;0;0;528;20;85
BrettHulseyWI;234132941;725185181045269000;NR;NO;YES;NO;NO;NO;0;0;18559;2740;2835
alicesttu;2810037368;725183587344114000;R;NO;YES;NO;NO;NO;0;0;370196;27834;29739
DrSicchia;2471139726;725178767757435000;NR;YES;YES;NO;NO;NO;0;0;4213;299;381
mazfarsaeed;16384172;725177075326280000;R;NO;NO;NO;NO;YES;0;0;107;16;189
Womenspeakup;511167564;725176961694224000;NR;YES;YES;NO;NO;NO;0;0;49118;2086;2146
nschim;564074974;725174260562420000;NR;YES;YES;NO;NO;NO;0;0;42700;3837;3636
qweenabeena;26386976;725171931050168000;R;NO;NO;NO;NO;NO;0;0;3881;106;120
QoLCare;3280647540;725171834061099000;NR;NO;YES;NO;NO;NO;0;0;6304;109;43
QoLCare;3280647540;725171833289331000;NR;NO;YES;NO;NO;NO;0;0;6304;109;43
ROSAMARIAREYESL;495076830;725170635740049000;R;YES;YES;NO;NO;NO;0;0;6903;209;311
b1e56df9ce6549f;3357427702;725170371075285000;R;YES;YES;NO;NO;NO;0;0;53351;1449;2058
ThePeteOKeefe;299371249;725169934607651000;R;NO;NO;NO;NO;NO;0;0;542;415;770
RyanDegen;2908999209;725169794501235000;NR;NO;YES;NO;NO;NO;0;0;220;1035;107
Zika_News;4871353966;725169213946651000;R;NO;YES;YES;NO;NO;0;5;9516;4381;2532
tweekrant;463522314;725168442614014000;NR;NO;YES;NO;NO;NO;0;0;16560;182;391
ChantellDawnSny;376510469;725167263565885000;R;YES;NO;NO;NO;NO;0;0;594348;3584;3400
alicesttu;2810037368;725166832282419000;R;NO;YES;NO;NO;NO;0;0;370196;27834;29739
uknewse;2842483768;725166723314250000;R;NO;YES;NO;NO;NO;0;0;255549;29949;28771
amandsst;2810050196;725166402525647000;R;NO;YES;NO;NO;NO;0;0;447733;28416;27941
Gus_Lara;121666716;725165579225563000;R;YES;YES;NO;NO;NO;0;0;62525;495;1983
amandsst;2810050196;725165373843108000;R;NO;YES;NO;NO;NO;0;0;447733;28416;27941
amandsst;2810050196;725165372236771000;R;NO;YES;NO;NO;NO;0;0;447733;28416;27941
iamjohnrussaw;39856740;725162770161893000;NR;NO;YES;NO;NO;NO;0;0;9229;1297;1480
amandsst;2810050196;725161529453195000;R;NO;YES;NO;NO;NO;0;0;447733;28416;27941
KinolaiHealth;3041054075;725158006615216000;NR;NO;YES;NO;NO;NO;0;0;20356;5295;5572
arzillion;1185076327;725157552057512000;R;NO;YES;NO;NO;NO;0;0;3876;201;433
alicesttu;2810037368;725157490279768000;R;NO;YES;NO;NO;NO;0;0;370196;27834;29739
ZikaVirusNews;4579860622;725155650456547000;NR;NO;YES;NO;NO;NO;0;0;1791;23;0
Cheesezdog;2701656862;725155537042702000;R;NO;YES;NO;NO;NO;0;0;1655;103;196
rajukap;129787920;725152622945120000;NR;YES;YES;NO;NO;NO;0;0;263;131;206
Amy__Benson;9887972;725151518849004000;R;YES;YES;NO;NO;NO;0;0;9302;952;2065
thell0ve;2799108808;725151021375341000;R;NO;YES;NO;NO;NO;0;0;276988;19614;21174
chaarmz4;3436218215;725150550967345000;NR;NO;YES;NO;NO;NO;0;0;342;100;240
jjchm2;106271658;725149868252090000;NR;YES;YES;NO;NO;NO;0;0;606;159;172
bksutherland;55123894;725147442887414000;NR;YES;YES;NO;NO;NO;0;0;3024;422;570
AgBioWorld;282076470;725143247350301000;NR;NO;YES;YES;NO;NO;0;6;12815;6392;1019
KinolaiHealth;3041054075;725142426847838000;NR;NO;YES;NO;NO;NO;0;0;20356;5295;5572
KinolaiHealth;3041054075;725142424926872000;NR;NO;YES;NO;NO;NO;0;0;20356;5295;5572
KinolaiHealth;3041054075;725142424075428000;R;NO;YES;NO;NO;NO;0;0;20356;5295;5572
QoLCare;3280647540;725140950146675000;NR;NO;YES;NO;NO;NO;0;0;6304;109;43
howelloman;46754410;725133812292833000;NR;YES;YES;NO;NO;NO;0;0;453;228;387
MidAmericanGuy;199462863;725132745781985000;R;NO;NO;NO;NO;NO;0;0;43764;3656;3651
vaper_the;4072442294;725130873050403000;R;NO;NO;NO;NO;YES;0;0;487;166;130
BabyCareDocs;3237661673;725130657207218000;R;NO;YES;NO;NO;NO;0;0;160;100;57
Petchary;175176750;725129190064951000;R;NO;YES;NO;NO;NO;0;0;232441;8180;7417
NoelEOman;209149867;725128213693882000;NR;NO;YES;YES;NO;NO;0;1;2588;506;1154
bellyfriendly;948135854;725127693201756000;R;NO;YES;NO;NO;NO;0;0;1943;1842;1521
KinolaiHealth;3041054075;725126502199652000;NR;NO;YES;NO;NO;NO;0;0;20356;5295;5572
RLCinDC;1601155082;725126087576048000;NR;YES;YES;NO;NO;NO;0;0;1247;196;417
braindamedeb;517910426;725125958353703000;NR;YES;YES;NO;NO;NO;0;0;3676;459;62
iammeganlee;4099330765;725123671660986000;NR;NO;YES;NO;NO;NO;0;0;3808;174;365
ZikaVirusNews;4579860622;725123663641469000;NR;NO;YES;NO;NO;NO;0;0;1791;23;0
FemaleExecMag;2400989810;725123647506096000;R;NO;YES;NO;NO;NO;0;0;35274;41788;21566